-- phpMyAdmin SQL Dump
-- version 5.2.1
-- https://www.phpmyadmin.net/
--
-- Servidor: 127.0.0.1
-- Tiempo de generación: 01-08-2024 a las 10:59:50
-- Versión del servidor: 10.4.32-MariaDB
-- Versión de PHP: 8.1.25

SET SQL_MODE = "NO_AUTO_VALUE_ON_ZERO";
START TRANSACTION;
SET time_zone = "+00:00";


/*!40101 SET @OLD_CHARACTER_SET_CLIENT=@@CHARACTER_SET_CLIENT */;
/*!40101 SET @OLD_CHARACTER_SET_RESULTS=@@CHARACTER_SET_RESULTS */;
/*!40101 SET @OLD_COLLATION_CONNECTION=@@COLLATION_CONNECTION */;
/*!40101 SET NAMES utf8mb4 */;

--
-- Base de datos: `bdsustentacionvacia`
--

-- --------------------------------------------------------

--
-- Estructura de tabla para la tabla `app_curso`
--

CREATE TABLE `app_curso` (
  `id` int(11) NOT NULL,
  `nombre` varchar(100) NOT NULL
) ENGINE=InnoDB DEFAULT CHARSET=utf8mb4 COLLATE=utf8mb4_general_ci;

--
-- Volcado de datos para la tabla `app_curso`
--

INSERT INTO `app_curso` (`id`, `nombre`) VALUES
(8, 'Seminario de Tesis II'),
(9, 'Proyecto de Investigación');

-- --------------------------------------------------------

--
-- Estructura de tabla para la tabla `app_cursos_grupos`
--

CREATE TABLE `app_cursos_grupos` (
  `id` int(11) NOT NULL,
  `curso_id` int(11) NOT NULL,
  `grupo_id` int(11) NOT NULL,
  `profesor_id` int(11) NOT NULL,
  `semestre_id` int(11) NOT NULL
) ENGINE=InnoDB DEFAULT CHARSET=utf8mb4 COLLATE=utf8mb4_general_ci;

--
-- Volcado de datos para la tabla `app_cursos_grupos`
--

INSERT INTO `app_cursos_grupos` (`id`, `curso_id`, `grupo_id`, `profesor_id`, `semestre_id`) VALUES
(21, 8, 8, 72, 5),
(23, 9, 8, 85, 5),
(24, 9, 9, 96, 5);

-- --------------------------------------------------------

--
-- Estructura de tabla para la tabla `app_estudiante`
--

CREATE TABLE `app_estudiante` (
  `id` int(11) NOT NULL,
  `codigo_universitario` varchar(20) NOT NULL,
  `apellidos_nombres` varchar(100) NOT NULL,
  `email` varchar(100) NOT NULL,
  `telefono` varchar(20) NOT NULL
) ENGINE=InnoDB DEFAULT CHARSET=utf8mb4 COLLATE=utf8mb4_general_ci;

--
-- Volcado de datos para la tabla `app_estudiante`
--

INSERT INTO `app_estudiante` (`id`, `codigo_universitario`, `apellidos_nombres`, `email`, `telefono`) VALUES
(138, '201TD05206', 'DELGADO VIDARTE EDGARD ADRIANN', 'DELGA@gmail.com', '912345678'),
(139, '202TD07748', 'BONILLA POMA LUIS ALONSO', 'BONIL@gmail.com', '912345678'),
(140, '202TD08199', 'BULNES JIMENEZ OSMAR GUSTAVO', 'BULNE@gmail.com', '912345678'),
(142, '191TD85643', 'COLUNCHE SANCHEZ JOSE NELSON', 'COLUN@gmail.com', '912345678'),
(143, '201VP00468', 'CORNEJO ANDONAIRE DAVID MARTIN', 'CORNE@gmail.com', '912345678'),
(144, '201TD01899', 'DELGADO CABREJOS HUGO DAVID', 'DELGA@gmail.com', '912345678'),
(145, '191TD90816', 'BETANCUR SANCHEZ ALEX NICANOR', 'BETAN@gmail.com', '912345678'),
(146, '191TD85667', 'TORRES VALDERA DAMBERT WILFREDO', 'TORRE@gmail.com', '912345678'),
(147, '202TD06740', 'SOPLAPUCO TAVARA IVANNA CAROLINA', 'SOPLA@gmail.com', '912345678'),
(148, '181CV77543', 'PUPUCHE RODAS ANGEL ADRIAN', 'PUPUC@gmail.com', '912345678'),
(149, '202TD08173', 'SANCHEZ CIEZA CINTHIA NAYELI', 'SANCH@gmail.com', '912345678'),
(150, '181AD80050', 'REYES RODRIGO KENY JOSUE', 'REYES@gmail.com', '912345678'),
(151, '171BE68123', 'RUIZ CORREA CRISTHIAN ALEXANDER', 'RUIZ @gmail.com', '912345678'),
(152, '181TD78905', 'SAAVEDRA CANESSA KIAN', 'SAAVE@gmail.com', '912345678'),
(153, '181AD80547', 'PEREZ MONTENEGRO AXEL GRABIEL', 'PEREZ@gmail.com', '912345678'),
(154, '202AD08362', 'PIZARRO SANTISTEBAN ANYELO JACINTO', 'PIZAR@gmail.com', '912345678'),
(155, '201VP00028', 'QUIROZ GARCIA CRISTIAN JESUS', 'QUIRO@gmail.com', '912345678'),
(156, '181TD75392', 'REATEGUI FARRO DIEGO ADLER', 'REATE@gmail.com', '912345678'),
(157, '151TD56590', 'ALVAREZ PADILLA MARTIN ENRIQUE', 'ALVAR@gmail.com', '912345678'),
(158, '181CV77263', 'OLIVERA TOMAPASCA WILDER JAIR', 'OLIVE@gmail.com', '912345678'),
(159, '172TD74453', 'PADILLA GONZALES MARCO ANTONIO', 'PADIL@gmail.com', '912345678'),
(160, '181EP77899', 'MARIN TANTALEAN MOISES FERNANDO', 'MARIN@gmail.com', '912345678'),
(161, '161TD64706', 'MARTINEZ HERRERA MAURICIO MANUEL', 'MARTI@gmail.com', '912345678'),
(162, '181CV78365', 'MORALES SONCO HAJIME NAJAT', 'MORAL@gmail.com', '912345678'),
(163, '201VP03191', 'HERRERA CERCADO GABRIEL OMAR', 'HERRE@gmail.com', '912345678'),
(164, '201TD00629', 'LOPEZ HUERTA MARIALEJANDRA', 'LOPEZ@gmail.com', '912345678'),
(165, '191VP86588', 'FERNANDEZ ALVA EDU', 'FERNA@gmail.com', '912345678'),
(166, '191TD88215', 'DIAZ CRUZ EDUARDO ALDAIR', 'DIAZ @gmail.com', '912345678'),
(167, '201TD01757', 'DURAND CALLE MAURICIO BENJAMIN', 'DURAN@gmail.com', '912345678'),
(168, '191CV85686', 'SERQUEN MANAY ALISON MIRELLA', 'SERQUEN @usat.edu.pe', '920532729'),
(169, '081AC09534', 'MANAYAY GAYOSO DEYVIS DAVID', 'MANAYAY @usat.edu.pe', '920532729'),
(170, '192BE90649', 'SANDOVAL ELIAS JAIRO SALOME', 'SANDOVAL@usat.edu.pe', '920532729'),
(171, '191VP86458', 'TORRES SEGOVIA EDUAR ENRIQUE', 'TORRES S@usat.edu.pe', '920532729'),
(172, '181EP78022', 'ZORRILLA ADRIANZEN FRANZO JESUS', 'ZORRILLA@usat.edu.pe', '920532729'),
(173, '162TD66247', 'DAMIAN FLORES JHON EMERSON', 'DAMIAN F@usat.edu.pe', '920532729'),
(174, '182TD80981', 'RIVERA BECERRA CESAR AUGUSTO', 'RIVERA B@usat.edu.pe', '920532729'),
(175, '172EP7315', 'CHIROQUE HUAMANCHUMO NELSON ALONSO', 'CHIROQUE@usat.edu.pe', '920532729'),
(176, '181CV77321', 'LLONTOP VELARDE ROBERTO JOSIAS', 'LLONTOP @usat.edu.pe', '920532729'),
(177, '171CV70567', 'ALVAREZ CAYOTOPA DAVID ANGEL', 'ALVAREZ @usat.edu.pe', '920532729'),
(178, '162CV66967', 'CAMPOS MORI OSCAR MIGUEL', 'CAMPOS M@usat.edu.pe', '920532729'),
(179, '122TD37822', 'LOPEZ CASTILLO RAUL EMILIO', 'LOPEZ CA@usat.edu.pe', '920532729'),
(180, '191TD85822', 'TINEO ODIAGA ANDRE JORDI', 'TINEO OD@usat.edu.pe', '920532729'),
(181, '161CV64109', 'SEMPERTEGUI HERNANDEZ CRISTHIAN', 'SEMPERTE@usat.edu.pe', '920532729'),
(182, '151BE52236', 'SUYON FARROÑAN MARIA ESTHER', 'SUYON FA@usat.edu.pe', '920532729'),
(183, '151TD55590', 'MENDOZA GALAN GABRIEL ALONSO', 'MENDOZA @usat.edu.pe', '920532729'),
(184, '191VP85948', 'TORRES LUCERO EDWIN WILDER', 'TORRES L@usat.edu.pe', '920532729'),
(185, '192BE94441', 'CULQUI PUSCAN CRYSTIAN', 'CULQUI P@usat.edu.pe', '920532729'),
(186, '181CV76800', 'TORRES BECERRA MIGUEL ESTEBAN', 'TORRES B@usat.edu.pe', '920532729'),
(187, '011120112I', 'BAZAN FERNANDEZ EDWIN MANUEL', 'BAZAN FE@usat.edu.pe', '987654321'),
(188, '161TD64620', 'RIVERA AYALA JERRY', 'RIVER@gmail.com', '912345678'),
(189, '191VP88328', 'SAUCEDO RUIZ JOE BRANDON', 'SAUCE@gmail.com', '912345678'),
(190, '201VP99955', 'SOPLAPUCO PURISACA JUNIOR ALEXIS', 'SOPLA@gmail.com', '912345678'),
(191, '181CV78936', 'VALDERA SANDOVAL MARY CECY', 'VALDE@gmail.com', '912345678'),
(192, '201TD01159', 'MORALES SERRATO PEDRO ESTEFAN', 'MORAL@gmail.com', '912345678'),
(193, '151BE52128', 'NIÑO JULCA REBECA', 'NIÑO @gmail.com', '912345678'),
(194, '201TD02196', 'OCROSPOMA UGAZ FRANK ANTHONY', 'OCROS@gmail.com', '920532729'),
(195, '181CV78570', 'ODAR TESEN DIANA DEL CARMEN', 'ODAR @gmail.com', '912345678'),
(196, '201VP00355', 'PISFIL FALLA BRUNO SEBASTIAN', 'PISFI@gmail.com', '912345678'),
(197, '161TD64651', 'RAMIREZ CHAVEZ PIERO MARTIN', 'RAMIR@gmail.com', '912345678'),
(198, '191CV84031', 'RIOJA JIMENEZ IOSIV RUBEN KATARI', 'RIOJA@gmail.com', '912345678'),
(199, '191VP90245', 'VALDERA SANDOVAL MYRELLA STEFANY', 'VALDE@gmail.com', '912345678'),
(200, '172AD74847', 'ARIAS MORENO CARLO RENATTO', 'ARIAS@gmail.com', '912345678'),
(201, '202TD07757', 'BARDALES RUEDA SEGUNDO JUAN JOSE', 'BARDA@gmail.com', '912345678'),
(202, '201AD05195', 'BURGOS MEDIANERO LUIS MAURICIO', 'BURGO@gmail.com', '912345678'),
(203, '201VP00019', 'CAJAN POLO JUAN ALBERTO SEGUNDO', 'CAJAN@gmail.com', '912345678'),
(204, '131ME42375', 'COBEÑAS CERNA JHORDY YAMMIR', 'COBEÑ@gmail.com', '912345678'),
(205, '182AD83458', 'CUBAS QUISPE YESSENIA MARIBEL', 'CUBAS@gmail.com', '912345678'),
(206, '172TD74151', 'DELGADO FERNANDEZ CARLOS ALBERTO', 'DELGA@gmail.com', '912345678'),
(207, '201VP02081', 'GIL FERNANDEZ GEANCARLOS', 'GIL F@gmail.com', '912345678'),
(208, '201BE03623', 'GONZALES CAJUSOL JOSE ANGGELO', 'GONZA@gmail.com', '912345678'),
(209, '201TD02080', 'GONZALES VASQUEZ OLENKA ALISSON', 'GONZA@gmail.com', '912345678'),
(210, '202TD07822', 'GUERRERO PACHECO DIANA', 'GUERR@gmail.com', '912345678'),
(211, '181CV78809', 'GUZMAN MORI CARLOS GUSTAVO', 'GUZMA@gmail.com', '912345678'),
(212, '201TD02233', 'HORNA MARTINEZ BRAYAN ALEXIS', 'HORNA@gmail.com', '949797535'),
(213, '161TD64641', 'MENDOZA PORTOCARRERO CARLOS ENRIQUE', 'MENDO@gmail.com', '912345678'),
(214, '191EP88886', 'VILLEGAS SOTO ANYELO FRANTI', 'VILLE@gmail.com', '912345678');

-- --------------------------------------------------------

--
-- Estructura de tabla para la tabla `app_grupo`
--

CREATE TABLE `app_grupo` (
  `id` int(11) NOT NULL,
  `nombre` varchar(10) NOT NULL
) ENGINE=InnoDB DEFAULT CHARSET=utf8mb4 COLLATE=utf8mb4_general_ci;

--
-- Volcado de datos para la tabla `app_grupo`
--

INSERT INTO `app_grupo` (`id`, `nombre`) VALUES
(8, 'A'),
(9, 'B'),
(10, 'C');

-- --------------------------------------------------------

--
-- Estructura de tabla para la tabla `app_horario_sustentaciones`
--

CREATE TABLE `app_horario_sustentaciones` (
  `id` int(11) NOT NULL,
  `fecha` date DEFAULT NULL,
  `hora_inicio` time DEFAULT NULL,
  `hora_fin` time DEFAULT NULL,
  `sustentacion_id` int(11) NOT NULL
) ENGINE=InnoDB DEFAULT CHARSET=utf8mb4 COLLATE=utf8mb4_general_ci;

--
-- Volcado de datos para la tabla `app_horario_sustentaciones`
--

INSERT INTO `app_horario_sustentaciones` (`id`, `fecha`, `hora_inicio`, `hora_fin`, `sustentacion_id`) VALUES
(77, '2024-05-07', '18:00:00', '18:30:00', 1017),
(78, '2024-05-08', '20:00:00', '20:30:00', 1014),
(79, '2024-05-08', '20:00:00', '20:30:00', 1095),
(80, '2024-05-08', '20:30:00', '21:00:00', 1028),
(81, '2024-05-08', '21:00:00', '21:30:00', 1091),
(82, '2024-05-08', '21:30:00', '22:00:00', 1063),
(83, '2024-05-08', '22:00:00', '22:30:00', 1065),
(84, '2024-05-08', '22:30:00', '23:00:00', 1062),
(85, '2024-05-09', '17:00:00', '17:30:00', 1021),
(86, '2024-05-09', '18:00:00', '18:30:00', 1078),
(87, '2024-05-09', '18:30:00', '19:00:00', 1081),
(88, '2024-05-09', '19:00:00', '19:30:00', 1027),
(89, '2024-05-09', '19:30:00', '20:00:00', 1035),
(90, '2024-05-09', '20:00:00', '20:30:00', 1036),
(91, '2024-05-09', '20:30:00', '21:00:00', 1088),
(92, '2024-05-09', '21:00:00', '21:30:00', 1015),
(93, '2024-05-09', '21:30:00', '22:00:00', 1033),
(94, '2024-05-09', '22:00:00', '22:30:00', 1058),
(95, '2024-05-09', '22:30:00', '23:00:00', 1060),
(96, '2024-05-10', '17:00:00', '17:30:00', 1066),
(97, '2024-05-10', '18:00:00', '18:30:00', 1016),
(98, '2024-05-10', '20:00:00', '20:30:00', 1007),
(99, '2024-05-10', '20:30:00', '21:00:00', 1018),
(100, '2024-05-10', '21:00:00', '21:30:00', 1024),
(101, '2024-05-10', '21:30:00', '22:00:00', 1068),
(102, '2024-05-11', '19:00:00', '19:30:00', 1073),
(103, '2024-05-11', '19:30:00', '20:00:00', 1011),
(104, '2024-05-11', '20:00:00', '20:30:00', 1012),
(105, '2024-05-11', '20:30:00', '21:00:00', 1032),
(106, '2024-05-11', '21:00:00', '21:30:00', 1084),
(107, '2024-05-11', '21:30:00', '22:00:00', 1085),
(108, '2024-05-11', '22:00:00', '22:30:00', 1083),
(109, '2024-05-14', '20:00:00', '20:30:00', 1023),
(110, '2024-05-15', '20:00:00', '20:30:00', 1025),
(111, '2024-05-15', '20:30:00', '21:00:00', 1114),
(112, '2024-05-15', '21:00:00', '21:30:00', 1064),
(113, '2024-05-15', '21:30:00', '22:00:00', 1067),
(114, '2024-05-16', '19:00:00', '19:30:00', 1090),
(115, '2024-05-16', '19:30:00', '20:00:00', 1071),
(116, '2024-05-16', '20:00:00', '20:30:00', 1075),
(117, '2024-05-16', '20:00:00', '20:30:00', 1099),
(118, '2024-05-16', '20:30:00', '21:00:00', 1076),
(119, '2024-05-16', '21:00:00', '21:30:00', 1031),
(120, '2024-05-16', '21:30:00', '22:00:00', 1061),
(121, '2024-05-16', '22:00:00', '22:30:00', 1101),
(122, '2024-05-16', '22:30:00', '23:00:00', 1034),
(123, '2024-05-17', '20:00:00', '20:30:00', 1069),
(124, '2024-05-17', '20:30:00', '21:00:00', 1070),
(125, '2024-05-18', '19:00:00', '19:30:00', 1080),
(126, '2024-05-18', '19:30:00', '20:00:00', 1008),
(127, '2024-05-18', '20:00:00', '20:30:00', 1074),
(128, '2024-05-18', '20:30:00', '21:00:00', 1077),
(129, NULL, NULL, NULL, 1026),
(130, NULL, NULL, NULL, 1029),
(131, NULL, NULL, NULL, 1072),
(132, NULL, NULL, NULL, 1082),
(133, '2024-04-02', '18:00:00', '18:30:00', 1045),
(134, '2024-04-02', '19:00:00', '19:30:00', 1052),
(135, '2024-04-02', '20:00:00', '20:30:00', 1047),
(136, '2024-04-02', '20:30:00', '21:00:00', 1112),
(137, '2024-04-03', '20:00:00', '20:30:00', 1037),
(138, '2024-04-05', '20:00:00', '20:30:00', 1039),
(139, '2024-04-05', '20:30:00', '21:00:00', 1040),
(140, '2024-04-05', '21:00:00', '21:30:00', 1049),
(141, '2024-04-05', '21:30:00', '22:00:00', 1053),
(142, '2024-04-05', '22:00:00', '22:30:00', 1113),
(143, '2024-04-06', '20:30:00', '21:00:00', 1042),
(144, '2024-04-06', '21:00:00', '21:30:00', 1107),
(145, NULL, NULL, NULL, 1038),
(146, NULL, NULL, NULL, 1043),
(147, NULL, NULL, NULL, 1044),
(148, NULL, NULL, NULL, 1046),
(149, NULL, NULL, NULL, 1048),
(150, NULL, NULL, NULL, 1050),
(151, NULL, NULL, NULL, 1051),
(152, NULL, NULL, NULL, 1056);

-- --------------------------------------------------------

--
-- Estructura de tabla para la tabla `app_profesor`
--

CREATE TABLE `app_profesor` (
  `id` int(11) NOT NULL,
  `email` varchar(100) NOT NULL,
  `apellidos_nombres` varchar(100) NOT NULL,
  `dedicacion` enum('TC','TP') NOT NULL,
  `telefono` varchar(20) NOT NULL,
  `user_id` int(11) DEFAULT NULL
) ENGINE=InnoDB DEFAULT CHARSET=utf8mb4 COLLATE=utf8mb4_general_ci;

--
-- Volcado de datos para la tabla `app_profesor`
--

INSERT INTO `app_profesor` (`id`, `email`, `apellidos_nombres`, `dedicacion`, `telefono`, `user_id`) VALUES
(70, 'ralarcon@usat.edu.pe', 'ALARCON GARCIA ROGER ERNESTO', 'TP', '938359471', 68),
(71, 'maranguri@usat.edu.pe', 'ARANGURI GARCIA MARIA YSABEL', 'TC', '938359471', 69),
(72, 'jbravo@usat.edu.pe', 'BRAVO JAICO JESSIE LEILA', 'TP', '938359471', 70),
(73, 'jcachay@usat.edu.pe', 'CACHAY MACO JUNIOR EUGENIO', 'TP', '938359471', 71),
(74, 'scastillo@usat.edu.pe', 'CASTILLO ZUMARAN SEGUNDO JOSE', 'TP', '938359471', 72),
(75, 'mchavarry@usat.edu.pe', 'CHAVARRY CHANKAY MARIANA', 'TP', '938359471', 73),
(76, 'cdelcastillo@usat.edu.pe', 'DEL CASTILLO CASTRO CONSUELO IVONNE', 'TP', '938359471', 74),
(77, 'miguel.diaz@usat.edu.pe', 'DIAZ ESPINO MIGUEL ANGEL', 'TP', '938359471', 75),
(78, 'mdvidarte@usat.edu.pe', 'DIAZ VIDARTE MIGUEL ORLANDO', 'TP', '938359471', 76),
(79, 'riman@usat.edu.pe', 'IMAN ESPINOZA RICARDO DAVID', 'TC', '980320867', 77),
(80, 'gleon@usat.edu.pe', 'LEON TENORIO GREGORIO MANUEL', 'TC', '938359471', 78),
(81, 'glip@usat.edu.pe', 'LIP CURO GUADALUPE TERESA', 'TP', '938359471', 79),
(82, 'elujan@usat.edu.pe', 'LUJAN SEGURA EDWAR GLORIMER', 'TP', '938359471', 80),
(83, 'hmera@usat.edu.pe', 'MERA MONTENEGRO HUILDER JUANITO', 'TC', '949069243', 81),
(84, 'wnoblecilla@usat.edu.pe', 'NOBLECILLA VINCES WILLIAM ALFREDO', 'TP', '938359471', 82),
(85, 'kreyes@usat.edu.pe', 'REYES BURGOS KARLA CECILIA', 'TC', '978796923', 83),
(86, 'lrobles@usat.edu.pe', 'ROBLES PIZARRO LUIS DAVID', 'TP', '938359471', 84),
(87, 'mrojas@usat.edu.pe', 'ROJAS CERNA MIGUEL ANGEL', 'TP', '938359471', 85),
(88, 'jtorres@usat.edu.pe', 'TORRES BENAVIDES JUAN ANTONIO', 'TC', '938359471', 86),
(89, 'avalqui@usat.edu.pe', 'VALQUI SIPIRAN ALEXANDERS', 'TP', '938359471', 87),
(90, 'mvilchez@usat.edu.pe', 'VILCHEZ RIVAS MARLON EUGENIO', 'TC', '938359471', 88),
(91, 'hzelada@usat.edu.pe', 'ZELADA VALDIVIESO HECTOR MIGUEL', 'TC', '938359471', 89),
(92, 'lzune@usat.edu.pe', 'ZUÑE BISPO LUIS AUGUSTO', 'TC', '938359471', 90),
(93, 'ncordova@usat.edu.pe', 'NICHO CORDOVA ERNESTO LUDWIN', 'TC', '938359471', 91),
(96, 'jaquino@usat.edu.pe', 'AQUINO TRUJILLO JURY YESENIA', 'TC', '920532729', 94);

-- --------------------------------------------------------

--
-- Estructura de tabla para la tabla `app_profesores_semestre_academico`
--

CREATE TABLE `app_profesores_semestre_academico` (
  `id` int(11) NOT NULL,
  `profesor_id` int(11) NOT NULL,
  `semestre_id` int(11) NOT NULL,
  `fecha` date NOT NULL,
  `hora_inicio` time NOT NULL,
  `hora_fin` time NOT NULL
) ENGINE=InnoDB DEFAULT CHARSET=utf8mb4 COLLATE=utf8mb4_general_ci;

--
-- Volcado de datos para la tabla `app_profesores_semestre_academico`
--

INSERT INTO `app_profesores_semestre_academico` (`id`, `profesor_id`, `semestre_id`, `fecha`, `hora_inicio`, `hora_fin`) VALUES
(1551, 75, 5, '2024-06-17', '20:00:00', '22:00:00'),
(1552, 75, 5, '2024-06-20', '21:00:00', '23:00:00'),
(1553, 75, 5, '2024-05-13', '20:00:00', '22:00:00'),
(1554, 75, 5, '2024-05-16', '21:00:00', '23:00:00'),
(1555, 75, 5, '2024-04-01', '20:00:00', '22:00:00'),
(1556, 75, 5, '2024-04-04', '21:00:00', '23:00:00'),
(1557, 75, 5, '2024-05-06', '20:00:00', '22:00:00'),
(1558, 75, 5, '2024-05-09', '21:00:00', '23:00:00'),
(1559, 75, 5, '2024-06-24', '20:00:00', '22:00:00'),
(1560, 75, 5, '2024-06-27', '21:00:00', '23:00:00'),
(1573, 76, 5, '2024-06-17', '17:00:00', '21:00:00'),
(1574, 76, 5, '2024-06-18', '20:00:00', '23:00:00'),
(1575, 76, 5, '2024-06-20', '20:00:00', '21:00:00'),
(1576, 76, 5, '2024-06-24', '17:00:00', '21:00:00'),
(1577, 76, 5, '2024-06-25', '20:00:00', '23:00:00'),
(1578, 76, 5, '2024-06-27', '20:00:00', '21:00:00'),
(1579, 76, 5, '2024-05-13', '17:00:00', '21:00:00'),
(1580, 76, 5, '2024-05-14', '20:00:00', '23:00:00'),
(1581, 76, 5, '2024-05-16', '20:00:00', '21:00:00'),
(1582, 76, 5, '2024-05-06', '17:00:00', '21:00:00'),
(1583, 76, 5, '2024-05-07', '20:00:00', '23:00:00'),
(1584, 76, 5, '2024-05-09', '20:00:00', '21:00:00'),
(1585, 76, 5, '2024-04-01', '17:00:00', '21:00:00'),
(1586, 76, 5, '2024-04-02', '20:00:00', '23:00:00'),
(1587, 76, 5, '2024-04-04', '20:00:00', '21:00:00'),
(1609, 77, 5, '2024-06-17', '19:00:00', '22:00:00'),
(1610, 77, 5, '2024-06-20', '20:00:00', '22:00:00'),
(1611, 77, 5, '2024-06-19', '20:00:00', '22:00:00'),
(1612, 77, 5, '2024-06-24', '19:00:00', '22:00:00'),
(1613, 77, 5, '2024-06-26', '20:00:00', '22:00:00'),
(1614, 77, 5, '2024-06-27', '20:00:00', '22:00:00'),
(1615, 77, 5, '2024-04-01', '19:00:00', '22:00:00'),
(1616, 77, 5, '2024-04-03', '20:00:00', '22:00:00'),
(1617, 77, 5, '2024-04-04', '20:00:00', '22:00:00'),
(1618, 77, 5, '2024-05-13', '19:00:00', '22:00:00'),
(1619, 77, 5, '2024-05-14', '20:00:00', '22:00:00'),
(1620, 77, 5, '2024-05-15', '20:00:00', '22:00:00'),
(1633, 78, 5, '2024-06-18', '19:00:00', '23:00:00'),
(1634, 78, 5, '2024-06-19', '19:00:00', '23:00:00'),
(1635, 78, 5, '2024-04-02', '19:00:00', '23:00:00'),
(1636, 78, 5, '2024-04-03', '19:00:00', '23:00:00'),
(1637, 78, 5, '2024-05-14', '19:00:00', '23:00:00'),
(1638, 78, 5, '2024-05-15', '19:00:00', '23:00:00'),
(1639, 78, 5, '2024-05-07', '19:00:00', '23:00:00'),
(1640, 78, 5, '2024-05-08', '19:00:00', '23:00:00'),
(1641, 78, 5, '2024-06-26', '19:00:00', '23:00:00'),
(1642, 78, 5, '2024-06-25', '19:00:00', '23:00:00'),
(1647, 79, 5, '2024-06-22', '08:00:00', '10:00:00'),
(1648, 79, 5, '2024-05-18', '08:00:00', '10:00:00'),
(1649, 79, 5, '2024-04-06', '08:00:00', '10:00:00'),
(1650, 79, 5, '2024-05-11', '08:00:00', '10:00:00'),
(1651, 79, 5, '2024-06-29', '08:00:00', '09:30:00'),
(1660, 80, 5, '2024-06-18', '19:00:00', '23:00:00'),
(1661, 80, 5, '2024-06-20', '19:00:00', '23:00:00'),
(1662, 80, 5, '2024-05-14', '19:00:00', '23:00:00'),
(1663, 80, 5, '2024-05-16', '19:00:00', '23:00:00'),
(1664, 80, 5, '2024-05-07', '19:00:00', '23:00:00'),
(1665, 80, 5, '2024-05-09', '19:00:00', '23:00:00'),
(1666, 80, 5, '2024-04-02', '19:00:00', '23:00:00'),
(1667, 80, 5, '2024-04-04', '19:00:00', '23:00:00'),
(1668, 80, 5, '2024-06-25', '19:00:00', '23:00:00'),
(1669, 80, 5, '2024-06-27', '19:00:00', '23:00:00'),
(1735, 82, 5, '2024-06-19', '17:00:00', '23:00:00'),
(1736, 82, 5, '2024-06-21', '17:00:00', '23:00:00'),
(1737, 82, 5, '2024-05-15', '17:00:00', '23:00:00'),
(1738, 82, 5, '2024-05-17', '17:00:00', '23:00:00'),
(1739, 82, 5, '2024-05-08', '17:00:00', '23:00:00'),
(1740, 82, 5, '2024-05-10', '17:00:00', '23:00:00'),
(1741, 82, 5, '2024-04-03', '17:00:00', '23:00:00'),
(1742, 82, 5, '2024-04-05', '17:00:00', '23:00:00'),
(1743, 82, 5, '2024-06-26', '17:00:00', '23:00:00'),
(1744, 82, 5, '2024-06-28', '17:00:00', '23:00:00'),
(1765, 83, 5, '2024-06-17', '18:00:00', '23:00:00'),
(1766, 83, 5, '2024-06-18', '18:00:00', '23:00:00'),
(1767, 83, 5, '2024-06-19', '20:00:00', '23:00:00'),
(1768, 83, 5, '2024-06-20', '20:00:00', '23:00:00'),
(1769, 83, 5, '2024-06-21', '18:00:00', '23:00:00'),
(1770, 83, 5, '2024-05-13', '18:00:00', '23:00:00'),
(1771, 83, 5, '2024-05-14', '18:00:00', '23:00:00'),
(1772, 83, 5, '2024-05-15', '20:00:00', '23:00:00'),
(1773, 83, 5, '2024-05-16', '20:00:00', '23:00:00'),
(1774, 83, 5, '2024-05-17', '18:00:00', '23:00:00'),
(1775, 83, 5, '2024-05-06', '18:00:00', '23:00:00'),
(1776, 83, 5, '2024-05-07', '18:00:00', '23:00:00'),
(1777, 83, 5, '2024-05-08', '20:00:00', '23:00:00'),
(1778, 83, 5, '2024-05-09', '20:00:00', '23:00:00'),
(1779, 83, 5, '2024-05-10', '18:00:00', '23:00:00'),
(1780, 83, 5, '2024-04-01', '18:00:00', '23:00:00'),
(1781, 83, 5, '2024-04-02', '18:00:00', '23:00:00'),
(1782, 83, 5, '2024-04-03', '20:00:00', '23:00:00'),
(1783, 83, 5, '2024-04-05', '18:00:00', '23:00:00'),
(1784, 83, 5, '2024-04-04', '20:00:00', '23:00:00'),
(1785, 83, 5, '2024-06-24', '18:00:00', '23:00:00'),
(1786, 83, 5, '2024-06-25', '18:00:00', '23:00:00'),
(1787, 83, 5, '2024-06-26', '20:00:00', '23:00:00'),
(1788, 83, 5, '2024-06-27', '20:00:00', '23:00:00'),
(1789, 83, 5, '2024-06-28', '18:00:00', '23:00:00'),
(1806, 93, 5, '2024-06-18', '20:00:00', '23:00:00'),
(1807, 93, 5, '2024-06-19', '18:00:00', '23:00:00'),
(1808, 93, 5, '2024-06-20', '18:00:00', '23:00:00'),
(1809, 93, 5, '2024-06-21', '18:00:00', '23:00:00'),
(1810, 93, 5, '2024-05-14', '20:00:00', '23:00:00'),
(1811, 93, 5, '2024-05-16', '18:00:00', '23:00:00'),
(1812, 93, 5, '2024-05-15', '18:00:00', '23:00:00'),
(1813, 93, 5, '2024-05-17', '18:00:00', '23:00:00'),
(1814, 93, 5, '2024-05-07', '20:00:00', '23:00:00'),
(1815, 93, 5, '2024-05-08', '18:00:00', '23:00:00'),
(1816, 93, 5, '2024-05-09', '18:00:00', '23:00:00'),
(1817, 93, 5, '2024-05-10', '18:00:00', '23:00:00'),
(1818, 93, 5, '2024-04-02', '20:00:00', '23:00:00'),
(1819, 93, 5, '2024-04-03', '18:00:00', '23:00:00'),
(1820, 93, 5, '2024-04-04', '18:00:00', '23:00:00'),
(1821, 93, 5, '2024-04-05', '18:00:00', '23:00:00'),
(1822, 93, 5, '2024-06-25', '20:00:00', '23:00:00'),
(1823, 93, 5, '2024-06-26', '18:00:00', '23:00:00'),
(1824, 93, 5, '2024-06-27', '18:00:00', '23:00:00'),
(1825, 93, 5, '2024-06-28', '18:00:00', '23:00:00'),
(1842, 84, 5, '2024-06-17', '17:00:00', '23:00:00'),
(1843, 84, 5, '2024-06-19', '17:00:00', '23:00:00'),
(1844, 84, 5, '2024-06-20', '18:00:00', '23:00:00'),
(1845, 84, 5, '2024-06-21', '17:00:00', '23:00:00'),
(1846, 84, 5, '2024-06-24', '17:00:00', '23:00:00'),
(1847, 84, 5, '2024-06-27', '18:00:00', '23:00:00'),
(1848, 84, 5, '2024-06-28', '17:00:00', '23:00:00'),
(1849, 84, 5, '2024-06-26', '17:00:00', '23:00:00'),
(1850, 84, 5, '2024-05-13', '17:00:00', '23:00:00'),
(1851, 84, 5, '2024-05-15', '17:00:00', '23:00:00'),
(1852, 84, 5, '2024-05-16', '18:00:00', '23:00:00'),
(1853, 84, 5, '2024-05-17', '17:00:00', '23:00:00'),
(1854, 84, 5, '2024-05-06', '17:00:00', '23:00:00'),
(1855, 84, 5, '2024-05-08', '17:00:00', '23:00:00'),
(1856, 84, 5, '2024-05-09', '18:00:00', '23:00:00'),
(1857, 84, 5, '2024-05-10', '17:00:00', '23:00:00'),
(1858, 84, 5, '2024-04-01', '17:00:00', '23:00:00'),
(1859, 84, 5, '2024-04-03', '17:00:00', '23:00:00'),
(1860, 84, 5, '2024-04-04', '18:00:00', '23:00:00'),
(1861, 84, 5, '2024-04-05', '17:00:00', '23:00:00'),
(1882, 85, 5, '2024-06-17', '17:00:00', '22:00:00'),
(1883, 85, 5, '2024-06-18', '17:00:00', '22:00:00'),
(1884, 85, 5, '2024-06-19', '17:00:00', '22:00:00'),
(1885, 85, 5, '2024-06-20', '17:00:00', '22:00:00'),
(1886, 85, 5, '2024-06-21', '17:00:00', '22:00:00'),
(1887, 85, 5, '2024-05-13', '17:00:00', '22:00:00'),
(1888, 85, 5, '2024-05-14', '17:00:00', '22:00:00'),
(1889, 85, 5, '2024-05-15', '17:00:00', '22:00:00'),
(1890, 85, 5, '2024-05-16', '17:00:00', '22:00:00'),
(1891, 85, 5, '2024-05-17', '17:00:00', '22:00:00'),
(1892, 85, 5, '2024-05-06', '17:00:00', '22:00:00'),
(1893, 85, 5, '2024-05-07', '17:00:00', '22:00:00'),
(1894, 85, 5, '2024-05-08', '17:00:00', '22:00:00'),
(1895, 85, 5, '2024-05-09', '17:00:00', '22:00:00'),
(1896, 85, 5, '2024-04-01', '17:00:00', '22:00:00'),
(1897, 85, 5, '2024-04-02', '17:00:00', '22:00:00'),
(1898, 85, 5, '2024-04-05', '17:00:00', '22:00:00'),
(1899, 85, 5, '2024-04-03', '17:00:00', '22:00:00'),
(1900, 85, 5, '2024-04-04', '17:00:00', '22:00:00'),
(1901, 85, 5, '2024-05-10', '17:00:00', '22:00:00'),
(1902, 85, 5, '2024-06-24', '17:00:00', '22:00:00'),
(1903, 85, 5, '2024-06-26', '17:00:00', '22:00:00'),
(1904, 85, 5, '2024-06-25', '17:00:00', '22:00:00'),
(1905, 85, 5, '2024-06-27', '17:00:00', '22:00:00'),
(1906, 85, 5, '2024-06-28', '17:00:00', '22:00:00'),
(1915, 86, 5, '2024-06-18', '17:00:00', '23:00:00'),
(1916, 86, 5, '2024-06-20', '17:00:00', '23:00:00'),
(1917, 86, 5, '2024-05-14', '17:00:00', '23:00:00'),
(1918, 86, 5, '2024-05-16', '17:00:00', '23:00:00'),
(1919, 86, 5, '2024-05-07', '17:00:00', '23:00:00'),
(1920, 86, 5, '2024-05-09', '17:00:00', '23:00:00'),
(1921, 86, 5, '2024-04-02', '17:00:00', '23:00:00'),
(1922, 86, 5, '2024-04-04', '17:00:00', '23:00:00'),
(1923, 86, 5, '2024-06-25', '17:00:00', '23:00:00'),
(1924, 86, 5, '2024-06-27', '17:00:00', '23:00:00'),
(1933, 87, 5, '2024-06-19', '21:00:00', '23:00:00'),
(1934, 87, 5, '2024-06-22', '08:00:00', '11:00:00'),
(1935, 87, 5, '2024-06-26', '21:00:00', '23:00:00'),
(1936, 87, 5, '2024-06-29', '08:00:00', '11:00:00'),
(1937, 87, 5, '2024-05-15', '21:00:00', '23:00:00'),
(1938, 87, 5, '2024-05-18', '08:00:00', '11:00:00'),
(1939, 87, 5, '2024-04-03', '21:00:00', '23:00:00'),
(1940, 87, 5, '2024-04-06', '08:00:00', '11:00:00'),
(1941, 87, 5, '2024-05-08', '21:00:00', '23:00:00'),
(1942, 87, 5, '2024-05-11', '08:00:00', '11:00:00'),
(1973, 89, 5, '2024-06-18', '20:00:00', '21:00:00'),
(1974, 89, 5, '2024-06-19', '19:00:00', '23:00:00'),
(1975, 89, 5, '2024-06-23', '16:00:00', '23:00:00'),
(1976, 89, 5, '2024-06-25', '20:00:00', '21:00:00'),
(1977, 89, 5, '2024-06-26', '19:00:00', '23:00:00'),
(1978, 89, 5, '2024-06-29', '16:00:00', '23:00:00'),
(1979, 89, 5, '2024-05-14', '20:00:00', '21:00:00'),
(1980, 89, 5, '2024-05-15', '19:00:00', '23:00:00'),
(1981, 89, 5, '2024-05-18', '16:00:00', '23:00:00'),
(1982, 89, 5, '2024-05-07', '20:00:00', '21:00:00'),
(1983, 89, 5, '2024-05-08', '19:00:00', '23:00:00'),
(1984, 89, 5, '2024-05-11', '16:00:00', '23:00:00'),
(1985, 89, 5, '2024-04-02', '20:00:00', '21:00:00'),
(1986, 89, 5, '2024-04-03', '19:00:00', '23:00:00'),
(1987, 89, 5, '2024-04-06', '16:00:00', '23:00:00'),
(1992, 90, 5, '2024-06-21', '19:30:00', '22:00:00'),
(1993, 90, 5, '2024-05-17', '19:30:00', '22:00:00'),
(1994, 90, 5, '2024-05-10', '19:30:00', '22:00:00'),
(1995, 90, 5, '2024-04-05', '19:30:00', '22:00:00'),
(1996, 90, 5, '2024-06-28', '19:30:00', '22:00:00'),
(2009, 91, 5, '2024-06-20', '20:00:00', '23:00:00'),
(2010, 91, 5, '2024-06-21', '20:00:00', '23:00:00'),
(2011, 91, 5, '2024-06-22', '08:00:00', '10:00:00'),
(2012, 91, 5, '2024-06-29', '08:00:00', '10:00:00'),
(2013, 91, 5, '2024-06-27', '20:00:00', '23:00:00'),
(2014, 91, 5, '2024-06-28', '20:00:00', '23:00:00'),
(2015, 91, 5, '2024-05-16', '20:00:00', '23:00:00'),
(2016, 91, 5, '2024-05-17', '20:00:00', '22:30:00'),
(2017, 91, 5, '2024-05-18', '08:00:00', '10:00:00'),
(2018, 91, 5, '2024-04-04', '20:00:00', '23:00:00'),
(2019, 91, 5, '2024-04-05', '20:00:00', '23:00:00'),
(2020, 91, 5, '2024-04-06', '08:00:00', '10:00:00'),
(2021, 91, 5, '2024-05-11', '08:00:00', '10:00:00'),
(2022, 91, 5, '2024-05-09', '20:00:00', '23:00:00'),
(2023, 91, 5, '2024-05-10', '20:00:00', '23:00:00'),
(2036, 92, 5, '2024-06-17', '17:00:00', '23:00:00'),
(2037, 92, 5, '2024-06-18', '17:00:00', '23:00:00'),
(2038, 92, 5, '2024-06-19', '17:00:00', '23:00:00'),
(2039, 92, 5, '2024-06-24', '17:00:00', '23:00:00'),
(2040, 92, 5, '2024-06-25', '17:00:00', '23:00:00'),
(2041, 92, 5, '2024-06-26', '17:00:00', '23:00:00'),
(2042, 92, 5, '2024-05-13', '17:00:00', '23:00:00'),
(2043, 92, 5, '2024-05-14', '17:00:00', '23:00:00'),
(2044, 92, 5, '2024-05-15', '17:00:00', '23:00:00'),
(2045, 92, 5, '2024-05-06', '17:00:00', '23:00:00'),
(2046, 92, 5, '2024-05-07', '17:00:00', '23:00:00'),
(2047, 92, 5, '2024-05-08', '17:00:00', '23:00:00'),
(2048, 92, 5, '2024-04-01', '17:00:00', '23:00:00'),
(2049, 92, 5, '2024-04-02', '17:00:00', '23:00:00'),
(2050, 92, 5, '2024-04-03', '17:00:00', '23:00:00'),
(2055, 70, 5, '2024-05-08', '17:00:00', '23:00:00'),
(2056, 70, 5, '2024-04-03', '17:00:00', '23:00:00'),
(2057, 70, 5, '2024-05-15', '17:00:00', '23:00:00'),
(2058, 70, 5, '2024-06-19', '17:00:00', '23:00:00'),
(2059, 70, 5, '2024-06-26', '17:00:00', '23:00:00'),
(2114, 71, 5, '2024-05-06', '17:00:00', '23:00:00'),
(2115, 71, 5, '2024-05-07', '20:00:00', '23:00:00'),
(2116, 71, 5, '2024-05-08', '17:00:00', '23:00:00'),
(2117, 71, 5, '2024-05-09', '17:00:00', '23:00:00'),
(2118, 71, 5, '2024-05-10', '17:00:00', '23:00:00'),
(2119, 71, 5, '2024-05-11', '17:00:00', '23:00:00'),
(2120, 71, 5, '2024-06-24', '17:00:00', '23:00:00'),
(2121, 71, 5, '2024-06-25', '20:00:00', '23:00:00'),
(2122, 71, 5, '2024-06-26', '17:00:00', '23:00:00'),
(2123, 71, 5, '2024-06-27', '17:00:00', '23:00:00'),
(2124, 71, 5, '2024-06-28', '17:00:00', '23:00:00'),
(2125, 71, 5, '2024-06-29', '17:00:00', '23:00:00'),
(2126, 71, 5, '2024-04-01', '17:00:00', '23:00:00'),
(2127, 71, 5, '2024-04-02', '20:00:00', '23:00:00'),
(2128, 71, 5, '2024-04-03', '17:00:00', '23:00:00'),
(2129, 71, 5, '2024-04-04', '17:00:00', '23:00:00'),
(2130, 71, 5, '2024-04-05', '17:00:00', '23:00:00'),
(2131, 71, 5, '2024-05-13', '17:00:00', '23:00:00'),
(2132, 71, 5, '2024-05-14', '20:00:00', '23:00:00'),
(2133, 71, 5, '2024-05-15', '17:00:00', '23:00:00'),
(2134, 71, 5, '2024-05-16', '17:00:00', '23:00:00'),
(2135, 71, 5, '2024-05-17', '17:00:00', '23:00:00'),
(2136, 71, 5, '2024-05-18', '17:00:00', '23:00:00'),
(2137, 71, 5, '2024-06-17', '17:00:00', '23:00:00'),
(2138, 71, 5, '2024-06-18', '20:00:00', '23:00:00'),
(2139, 71, 5, '2024-06-20', '17:00:00', '23:00:00'),
(2140, 71, 5, '2024-06-19', '17:00:00', '23:00:00'),
(2141, 71, 5, '2024-06-21', '17:00:00', '23:00:00'),
(2142, 71, 5, '2024-06-22', '17:00:00', '23:00:00'),
(2143, 71, 5, '2024-04-06', '17:00:00', '23:00:00'),
(2148, 72, 5, '2024-06-26', '18:00:00', '23:00:00'),
(2149, 72, 5, '2024-04-03', '18:00:00', '23:00:00'),
(2150, 72, 5, '2024-05-15', '18:00:00', '23:00:00'),
(2151, 72, 5, '2024-06-19', '18:00:00', '23:00:00'),
(2152, 72, 5, '2024-05-08', '18:00:00', '23:00:00'),
(2165, 73, 5, '2024-06-26', '21:00:00', '23:00:00'),
(2166, 73, 5, '2024-06-28', '19:00:00', '23:00:00'),
(2167, 73, 5, '2024-06-29', '20:00:00', '23:00:00'),
(2168, 73, 5, '2024-05-08', '21:00:00', '23:00:00'),
(2169, 73, 5, '2024-05-10', '19:00:00', '23:00:00'),
(2170, 73, 5, '2024-05-11', '20:00:00', '23:00:00'),
(2171, 73, 5, '2024-04-03', '21:00:00', '23:00:00'),
(2172, 73, 5, '2024-04-06', '20:00:00', '23:00:00'),
(2173, 73, 5, '2024-04-05', '19:00:00', '23:00:00'),
(2174, 73, 5, '2024-05-15', '21:00:00', '23:00:00'),
(2175, 73, 5, '2024-05-17', '19:00:00', '23:00:00'),
(2176, 73, 5, '2024-05-18', '20:00:00', '23:00:00'),
(2177, 73, 5, '2024-06-19', '21:00:00', '23:00:00'),
(2178, 73, 5, '2024-06-21', '19:00:00', '23:00:00'),
(2179, 73, 5, '2024-06-22', '20:00:00', '23:00:00'),
(2199, 96, 5, '2024-06-18', '20:00:00', '23:00:00'),
(2200, 96, 5, '2024-06-20', '20:00:00', '00:00:00'),
(2201, 96, 5, '2024-06-22', '21:00:00', '23:00:00'),
(2202, 96, 5, '2024-06-26', '13:30:00', '14:30:00'),
(2203, 96, 5, '2024-06-27', '13:30:00', '16:30:00'),
(2204, 96, 5, '2024-06-28', '14:30:00', '17:30:00'),
(2205, 96, 5, '2024-06-25', '14:00:00', '16:30:00'),
(2206, 96, 5, '2024-05-14', '18:30:00', '20:00:00'),
(2207, 96, 5, '2024-05-15', '19:00:00', '21:30:00'),
(2208, 96, 5, '2024-05-16', '20:00:00', '20:30:00'),
(2209, 96, 5, '2024-05-17', '18:00:00', '21:30:00'),
(2210, 96, 5, '2024-05-18', '16:00:00', '18:30:00'),
(2211, 96, 5, '2024-05-07', '16:30:00', '20:00:00'),
(2212, 96, 5, '2024-05-09', '19:00:00', '22:00:00'),
(2213, 96, 5, '2024-04-01', '16:30:00', '19:00:00'),
(2214, 96, 5, '2024-04-02', '19:30:00', '22:00:00'),
(2215, 96, 5, '2024-04-03', '19:00:00', '21:00:00'),
(2216, 96, 5, '2024-04-04', '18:30:00', '21:30:00'),
(2217, 96, 5, '2024-04-05', '20:30:00', '23:00:00'),
(2218, 96, 5, '2024-04-06', '18:00:00', '21:00:00'),
(2250, 81, 5, '2024-06-17', '20:00:00', '23:00:00'),
(2251, 81, 5, '2024-06-18', '20:00:00', '23:00:00'),
(2252, 81, 5, '2024-06-19', '20:00:00', '23:00:00'),
(2253, 81, 5, '2024-06-20', '20:00:00', '23:00:00'),
(2254, 81, 5, '2024-06-21', '20:00:00', '23:00:00'),
(2255, 81, 5, '2024-06-22', '20:00:00', '23:00:00'),
(2256, 81, 5, '2024-06-24', '20:00:00', '23:00:00'),
(2257, 81, 5, '2024-06-25', '20:00:00', '23:00:00'),
(2258, 81, 5, '2024-06-26', '20:00:00', '23:00:00'),
(2259, 81, 5, '2024-06-27', '20:00:00', '23:00:00'),
(2260, 81, 5, '2024-06-28', '20:00:00', '23:00:00'),
(2261, 81, 5, '2024-06-29', '20:00:00', '23:00:00'),
(2262, 81, 5, '2024-05-13', '20:00:00', '23:00:00'),
(2263, 81, 5, '2024-05-14', '20:00:00', '23:00:00'),
(2264, 81, 5, '2024-05-15', '20:00:00', '23:00:00'),
(2265, 81, 5, '2024-05-16', '20:00:00', '23:00:00'),
(2266, 81, 5, '2024-05-17', '20:00:00', '23:00:00'),
(2267, 81, 5, '2024-05-18', '20:00:00', '23:00:00'),
(2268, 81, 5, '2024-05-06', '20:00:00', '23:00:00'),
(2269, 81, 5, '2024-05-07', '20:00:00', '23:00:00'),
(2270, 81, 5, '2024-05-08', '20:00:00', '23:00:00'),
(2271, 81, 5, '2024-05-09', '20:00:00', '23:00:00'),
(2272, 81, 5, '2024-05-10', '20:00:00', '23:00:00'),
(2273, 81, 5, '2024-05-11', '20:00:00', '23:00:00'),
(2274, 81, 5, '2024-04-01', '20:00:00', '23:00:00'),
(2275, 81, 5, '2024-04-02', '20:00:00', '23:00:00'),
(2276, 81, 5, '2024-04-03', '20:00:00', '23:00:00'),
(2277, 81, 5, '2024-04-04', '20:00:00', '23:00:00'),
(2278, 81, 5, '2024-04-06', '20:00:00', '23:00:00'),
(2279, 81, 5, '2024-04-05', '20:00:00', '23:00:00'),
(2280, 74, 5, '2024-04-01', '17:00:00', '19:00:00'),
(2281, 74, 5, '2024-04-02', '20:00:00', '22:00:00'),
(2282, 74, 5, '2024-04-06', '19:00:00', '21:00:00'),
(2283, 74, 5, '2024-05-13', '17:00:00', '19:00:00'),
(2284, 74, 5, '2024-05-14', '20:00:00', '22:00:00'),
(2285, 74, 5, '2024-05-18', '19:00:00', '21:00:00'),
(2286, 74, 5, '2024-06-17', '17:00:00', '19:00:00'),
(2287, 74, 5, '2024-06-18', '20:00:00', '22:00:00'),
(2288, 74, 5, '2024-06-22', '19:00:00', '21:00:00'),
(2289, 74, 5, '2024-05-06', '17:00:00', '19:00:00'),
(2290, 74, 5, '2024-05-07', '20:00:00', '22:00:00'),
(2291, 74, 5, '2024-05-11', '19:00:00', '21:00:00'),
(2292, 74, 5, '2024-06-24', '17:00:00', '19:00:00'),
(2293, 74, 5, '2024-06-25', '20:00:00', '22:00:00'),
(2294, 74, 5, '2024-06-29', '19:00:00', '21:00:00'),
(2295, 74, 5, '2024-04-04', '20:00:00', '23:00:00'),
(2296, 88, 5, '2024-06-19', '16:00:00', '18:00:00'),
(2297, 88, 5, '2024-06-20', '16:00:00', '18:00:00'),
(2298, 88, 5, '2024-05-15', '16:00:00', '18:00:00'),
(2299, 88, 5, '2024-05-16', '16:00:00', '18:00:00'),
(2300, 88, 5, '2024-05-08', '16:00:00', '18:00:00'),
(2301, 88, 5, '2024-05-09', '16:00:00', '18:00:00'),
(2302, 88, 5, '2024-04-03', '16:00:00', '18:00:00'),
(2303, 88, 5, '2024-04-04', '16:00:00', '18:00:00'),
(2304, 88, 5, '2024-06-26', '16:00:00', '18:00:00'),
(2305, 88, 5, '2024-06-27', '16:00:00', '18:00:00'),
(2306, 88, 5, '2024-04-05', '20:30:00', '21:00:00');

-- --------------------------------------------------------

--
-- Estructura de tabla para la tabla `app_profile`
--

CREATE TABLE `app_profile` (
  `id` bigint(20) NOT NULL,
  `rol` varchar(1) NOT NULL,
  `user_id` int(11) NOT NULL
) ENGINE=InnoDB DEFAULT CHARSET=utf8mb4 COLLATE=utf8mb4_general_ci;

--
-- Volcado de datos para la tabla `app_profile`
--

INSERT INTO `app_profile` (`id`, `rol`, `user_id`) VALUES
(4, 'A', 1),
(77, 'P', 68),
(78, 'P', 69),
(79, 'P', 70),
(80, 'P', 71),
(81, 'P', 72),
(82, 'P', 73),
(83, 'P', 74),
(84, 'P', 75),
(85, 'P', 76),
(86, 'P', 77),
(87, 'P', 78),
(88, 'P', 79),
(89, 'P', 80),
(90, 'P', 81),
(91, 'P', 82),
(92, 'P', 83),
(93, 'P', 84),
(94, 'P', 85),
(95, 'P', 86),
(96, 'P', 87),
(97, 'P', 88),
(98, 'P', 89),
(99, 'P', 90),
(100, 'P', 91),
(101, 'P', 92),
(102, 'P', 93),
(103, 'P', 94);

-- --------------------------------------------------------

--
-- Estructura de tabla para la tabla `app_semana_sustentacion`
--

CREATE TABLE `app_semana_sustentacion` (
  `id` int(11) NOT NULL,
  `semestre_academico_id` int(11) NOT NULL,
  `curso_id` int(11) NOT NULL,
  `tipo_sustentacion` enum('PARCIAL','FINAL') NOT NULL,
  `semana_inicio` int(11) NOT NULL,
  `semana_fin` int(11) NOT NULL,
  `fecha_inicio` date NOT NULL,
  `fecha_fin` date NOT NULL,
  `duracion_sustentacion` int(11) NOT NULL,
  `compensan_horas` tinyint(1) NOT NULL
) ENGINE=InnoDB DEFAULT CHARSET=utf8mb4 COLLATE=utf8mb4_general_ci;

--
-- Volcado de datos para la tabla `app_semana_sustentacion`
--

INSERT INTO `app_semana_sustentacion` (`id`, `semestre_academico_id`, `curso_id`, `tipo_sustentacion`, `semana_inicio`, `semana_fin`, `fecha_inicio`, `fecha_fin`, `duracion_sustentacion`, `compensan_horas`) VALUES
(5, 5, 8, 'PARCIAL', 3, 3, '2024-04-01', '2024-04-06', 30, 1),
(6, 5, 9, 'PARCIAL', 8, 9, '2024-05-06', '2024-05-18', 23, 0),
(9, 5, 8, 'FINAL', 14, 15, '2024-06-17', '2024-06-29', 60, 1),
(10, 5, 9, 'FINAL', 14, 15, '2024-06-17', '2024-06-29', 60, 1);

-- --------------------------------------------------------

--
-- Estructura de tabla para la tabla `app_semestreacademico`
--

CREATE TABLE `app_semestreacademico` (
  `id` int(11) NOT NULL,
  `nombre` varchar(7) NOT NULL,
  `fecha_inicio` date NOT NULL,
  `fecha_fin` date NOT NULL,
  `vigencia` tinyint(1) NOT NULL
) ENGINE=InnoDB DEFAULT CHARSET=utf8mb4 COLLATE=utf8mb4_general_ci;

--
-- Volcado de datos para la tabla `app_semestreacademico`
--

INSERT INTO `app_semestreacademico` (`id`, `nombre`, `fecha_inicio`, `fecha_fin`, `vigencia`) VALUES
(5, '2024-I', '2024-03-18', '2024-07-06', 1);

-- --------------------------------------------------------

--
-- Estructura de tabla para la tabla `app_semestre_academico_profesores`
--

CREATE TABLE `app_semestre_academico_profesores` (
  `id` int(11) NOT NULL,
  `semestre_id` int(11) NOT NULL,
  `profesor_id` int(11) NOT NULL,
  `horas_asesoria_semanal` int(2) NOT NULL
) ENGINE=InnoDB DEFAULT CHARSET=utf8mb4 COLLATE=utf8mb4_general_ci;

--
-- Volcado de datos para la tabla `app_semestre_academico_profesores`
--

INSERT INTO `app_semestre_academico_profesores` (`id`, `semestre_id`, `profesor_id`, `horas_asesoria_semanal`) VALUES
(65, 5, 70, 4),
(66, 5, 71, 1),
(67, 5, 72, 2),
(68, 5, 73, 2),
(69, 5, 74, 3),
(70, 5, 75, 2),
(71, 5, 76, 2),
(72, 5, 77, 3),
(73, 5, 78, 2),
(74, 5, 79, 2),
(75, 5, 80, 2),
(76, 5, 81, 4),
(77, 5, 82, 2),
(78, 5, 83, 1),
(79, 5, 84, 2),
(80, 5, 85, 9),
(81, 5, 86, 4),
(82, 5, 87, 1),
(83, 5, 88, 3),
(84, 5, 89, 2),
(85, 5, 90, 3),
(86, 5, 91, 8),
(87, 5, 92, 2),
(88, 5, 93, 0),
(90, 5, 96, 2);

-- --------------------------------------------------------

--
-- Estructura de tabla para la tabla `app_sustentacion`
--

CREATE TABLE `app_sustentacion` (
  `id` int(11) NOT NULL,
  `cursos_grupos_id` int(11) NOT NULL,
  `estudiante_id` int(11) NOT NULL,
  `jurado1_id` int(11) DEFAULT NULL,
  `jurado2_id` int(11) DEFAULT NULL,
  `asesor_id` int(11) NOT NULL,
  `titulo` varchar(255) NOT NULL
) ENGINE=InnoDB DEFAULT CHARSET=utf8mb4 COLLATE=utf8mb4_general_ci;

--
-- Volcado de datos para la tabla `app_sustentacion`
--

INSERT INTO `app_sustentacion` (`id`, `cursos_grupos_id`, `estudiante_id`, `jurado1_id`, `jurado2_id`, `asesor_id`, `titulo`) VALUES
(1007, 23, 138, 81, 85, 91, 'ND'),
(1008, 23, 139, 96, 73, 90, 'ND'),
(1011, 23, 142, 85, 93, 90, 'ND'),
(1012, 23, 143, 91, 84, 90, 'ND'),
(1014, 23, 145, 76, 78, 74, 'ND'),
(1015, 23, 146, 84, 83, 87, 'ND'),
(1016, 23, 147, 71, 86, 84, 'ND'),
(1017, 23, 148, 92, 74, 83, 'ND'),
(1018, 23, 149, 91, 81, 83, 'ND'),
(1021, 23, 152, 70, 85, 82, 'ND'),
(1023, 23, 154, 83, 77, 81, 'ND'),
(1024, 23, 155, 71, 96, 81, 'ND'),
(1025, 23, 156, 86, 77, 81, 'ND'),
(1026, 23, 157, NULL, NULL, 79, 'ND'),
(1027, 23, 158, 72, 82, 78, 'ND'),
(1028, 23, 159, 74, 80, 78, 'ND'),
(1029, 23, 160, NULL, NULL, 77, 'ND'),
(1031, 23, 162, 87, 92, 77, 'ND'),
(1032, 23, 163, 90, 71, 73, 'ND'),
(1033, 23, 164, 87, 85, 73, 'ND'),
(1034, 23, 165, 73, 71, 72, 'ND'),
(1035, 23, 166, 89, 71, 70, 'ND'),
(1036, 23, 167, 93, 78, 70, 'ND'),
(1037, 21, 168, 93, 76, 92, 'ND'),
(1038, 21, 169, 79, 83, 91, 'ND'),
(1039, 21, 170, 74, 77, 91, 'ND'),
(1040, 21, 171, 74, 77, 91, 'ND'),
(1042, 21, 173, 84, 96, 88, 'ND'),
(1043, 21, 174, 71, 83, 88, 'ND'),
(1044, 21, 175, 83, 88, 85, 'ND'),
(1045, 21, 176, 71, 83, 85, 'ND'),
(1046, 21, 177, 93, 79, 84, 'ND'),
(1047, 21, 178, 92, 84, 81, 'ND'),
(1048, 21, 179, 79, 83, 80, 'ND'),
(1049, 21, 180, 91, 85, 80, 'ND'),
(1050, 21, 181, 92, 88, 79, 'ND'),
(1051, 21, 182, 77, 91, 79, 'ND'),
(1052, 21, 183, 84, 85, 77, 'ND'),
(1053, 21, 184, 74, 91, 77, 'ND'),
(1056, 21, 187, 79, 83, 74, 'ND'),
(1058, 24, 189, 78, 93, 89, 'ND'),
(1060, 24, 191, 72, 81, 89, 'ND'),
(1061, 24, 192, 71, 70, 87, 'ND'),
(1062, 24, 193, 71, 78, 86, 'ND'),
(1063, 24, 194, 83, 76, 86, 'ND'),
(1064, 24, 195, 85, 77, 86, 'ND'),
(1065, 24, 196, 93, 78, 86, 'ND'),
(1066, 24, 197, 85, 88, 86, 'ND'),
(1067, 24, 198, 85, 76, 86, 'ND'),
(1068, 24, 199, 75, 80, 86, 'ND'),
(1069, 24, 200, 91, 71, 85, 'ND'),
(1070, 24, 201, 81, 86, 85, 'ND'),
(1071, 24, 202, 96, 82, 85, 'ND'),
(1072, 24, 203, 87, 71, 85, 'ND'),
(1073, 24, 204, 73, 82, 85, 'ND'),
(1074, 24, 205, 73, 81, 85, 'ND'),
(1075, 24, 206, 77, 93, 85, 'ND'),
(1076, 24, 207, 84, 89, 85, 'ND'),
(1077, 24, 208, 91, 73, 85, 'ND'),
(1078, 24, 209, 93, 72, 85, 'ND'),
(1080, 24, 211, 73, 93, 85, 'ND'),
(1081, 24, 212, 72, 93, 85, 'ND'),
(1082, 24, 213, 72, 87, 85, 'ND'),
(1083, 24, 214, 84, 81, 73, 'ND'),
(1084, 23, 144, 93, 81, 90, 'ND'),
(1085, 23, 140, 82, 73, 90, 'ND'),
(1088, 23, 150, 89, 70, 82, 'ND'),
(1090, 23, 151, 85, 96, 82, 'ND'),
(1091, 23, 153, 78, 80, 81, 'ND'),
(1095, 24, 210, 89, 81, 85, 'ND'),
(1099, 24, 188, 96, 84, 89, 'ND'),
(1101, 24, 190, 93, 92, 89, 'ND'),
(1107, 21, 172, 93, 96, 91, 'ND'),
(1112, 21, 185, 92, 83, 75, 'ND'),
(1113, 21, 186, 84, 93, 75, 'ND'),
(1114, 23, 161, 86, 81, 77, 'ND');

-- --------------------------------------------------------

--
-- Estructura de tabla para la tabla `auth_group`
--

CREATE TABLE `auth_group` (
  `id` int(11) NOT NULL,
  `name` varchar(150) NOT NULL
) ENGINE=InnoDB DEFAULT CHARSET=utf8mb4 COLLATE=utf8mb4_general_ci;

-- --------------------------------------------------------

--
-- Estructura de tabla para la tabla `auth_group_permissions`
--

CREATE TABLE `auth_group_permissions` (
  `id` bigint(20) NOT NULL,
  `group_id` int(11) NOT NULL,
  `permission_id` int(11) NOT NULL
) ENGINE=InnoDB DEFAULT CHARSET=utf8mb4 COLLATE=utf8mb4_general_ci;

-- --------------------------------------------------------

--
-- Estructura de tabla para la tabla `auth_permission`
--

CREATE TABLE `auth_permission` (
  `id` int(11) NOT NULL,
  `name` varchar(255) NOT NULL,
  `content_type_id` int(11) NOT NULL,
  `codename` varchar(100) NOT NULL
) ENGINE=InnoDB DEFAULT CHARSET=utf8mb4 COLLATE=utf8mb4_general_ci;

--
-- Volcado de datos para la tabla `auth_permission`
--

INSERT INTO `auth_permission` (`id`, `name`, `content_type_id`, `codename`) VALUES
(1, 'Can add curso', 1, 'add_curso'),
(2, 'Can change curso', 1, 'change_curso'),
(3, 'Can delete curso', 1, 'delete_curso'),
(4, 'Can view curso', 1, 'view_curso'),
(5, 'Can add grupo', 2, 'add_grupo'),
(6, 'Can change grupo', 2, 'change_grupo'),
(7, 'Can delete grupo', 2, 'delete_grupo'),
(8, 'Can view grupo', 2, 'view_grupo'),
(9, 'Can add estudiante', 3, 'add_estudiante'),
(10, 'Can change estudiante', 3, 'change_estudiante'),
(11, 'Can delete estudiante', 3, 'delete_estudiante'),
(12, 'Can view estudiante', 3, 'view_estudiante'),
(13, 'Can add profesor', 4, 'add_profesor'),
(14, 'Can change profesor', 4, 'change_profesor'),
(15, 'Can delete profesor', 4, 'delete_profesor'),
(16, 'Can view profesor', 4, 'view_profesor'),
(17, 'Can add semestre academico', 5, 'add_semestreacademico'),
(18, 'Can change semestre academico', 5, 'change_semestreacademico'),
(19, 'Can delete semestre academico', 5, 'delete_semestreacademico'),
(20, 'Can view semestre academico', 5, 'view_semestreacademico'),
(21, 'Can add cursos grupos', 6, 'add_cursosgrupos'),
(22, 'Can change cursos grupos', 6, 'change_cursosgrupos'),
(23, 'Can delete cursos grupos', 6, 'delete_cursosgrupos'),
(24, 'Can view cursos grupos', 6, 'view_cursosgrupos'),
(25, 'Can add sustentacion', 7, 'add_sustentacion'),
(26, 'Can change sustentacion', 7, 'change_sustentacion'),
(27, 'Can delete sustentacion', 7, 'delete_sustentacion'),
(28, 'Can view sustentacion', 7, 'view_sustentacion'),
(29, 'Can add horario sustentaciones', 8, 'add_horariosustentaciones'),
(30, 'Can change horario sustentaciones', 8, 'change_horariosustentaciones'),
(31, 'Can delete horario sustentaciones', 8, 'delete_horariosustentaciones'),
(32, 'Can view horario sustentaciones', 8, 'view_horariosustentaciones'),
(33, 'Can add profesores semestre academico', 9, 'add_profesoressemestreacademico'),
(34, 'Can change profesores semestre academico', 9, 'change_profesoressemestreacademico'),
(35, 'Can delete profesores semestre academico', 9, 'delete_profesoressemestreacademico'),
(36, 'Can view profesores semestre academico', 9, 'view_profesoressemestreacademico'),
(37, 'Can add semana sustentacion', 10, 'add_semanasustentacion'),
(38, 'Can change semana sustentacion', 10, 'change_semanasustentacion'),
(39, 'Can delete semana sustentacion', 10, 'delete_semanasustentacion'),
(40, 'Can view semana sustentacion', 10, 'view_semanasustentacion'),
(41, 'Can add semestre academico profesores', 11, 'add_semestreacademicoprofesores'),
(42, 'Can change semestre academico profesores', 11, 'change_semestreacademicoprofesores'),
(43, 'Can delete semestre academico profesores', 11, 'delete_semestreacademicoprofesores'),
(44, 'Can view semestre academico profesores', 11, 'view_semestreacademicoprofesores'),
(45, 'Can add log entry', 12, 'add_logentry'),
(46, 'Can change log entry', 12, 'change_logentry'),
(47, 'Can delete log entry', 12, 'delete_logentry'),
(48, 'Can view log entry', 12, 'view_logentry'),
(49, 'Can add permission', 13, 'add_permission'),
(50, 'Can change permission', 13, 'change_permission'),
(51, 'Can delete permission', 13, 'delete_permission'),
(52, 'Can view permission', 13, 'view_permission'),
(53, 'Can add group', 14, 'add_group'),
(54, 'Can change group', 14, 'change_group'),
(55, 'Can delete group', 14, 'delete_group'),
(56, 'Can view group', 14, 'view_group'),
(57, 'Can add user', 15, 'add_user'),
(58, 'Can change user', 15, 'change_user'),
(59, 'Can delete user', 15, 'delete_user'),
(60, 'Can view user', 15, 'view_user'),
(61, 'Can add content type', 16, 'add_contenttype'),
(62, 'Can change content type', 16, 'change_contenttype'),
(63, 'Can delete content type', 16, 'delete_contenttype'),
(64, 'Can view content type', 16, 'view_contenttype'),
(65, 'Can add session', 17, 'add_session'),
(66, 'Can change session', 17, 'change_session'),
(67, 'Can delete session', 17, 'delete_session'),
(68, 'Can view session', 17, 'view_session'),
(69, 'Can add profile', 20, 'add_profile'),
(70, 'Can change profile', 20, 'change_profile'),
(71, 'Can delete profile', 20, 'delete_profile'),
(72, 'Can view profile', 20, 'view_profile');

-- --------------------------------------------------------

--
-- Estructura de tabla para la tabla `auth_user`
--

CREATE TABLE `auth_user` (
  `id` int(11) NOT NULL,
  `password` varchar(128) NOT NULL,
  `last_login` datetime(6) DEFAULT NULL,
  `is_superuser` tinyint(1) NOT NULL,
  `username` varchar(150) NOT NULL,
  `first_name` varchar(150) NOT NULL,
  `last_name` varchar(150) NOT NULL,
  `email` varchar(254) NOT NULL,
  `is_staff` tinyint(1) NOT NULL,
  `is_active` tinyint(1) NOT NULL,
  `date_joined` datetime(6) NOT NULL
) ENGINE=InnoDB DEFAULT CHARSET=utf8mb4 COLLATE=utf8mb4_general_ci;

--
-- Volcado de datos para la tabla `auth_user`
--

INSERT INTO `auth_user` (`id`, `password`, `last_login`, `is_superuser`, `username`, `first_name`, `last_name`, `email`, `is_staff`, `is_active`, `date_joined`) VALUES
(1, 'pbkdf2_sha256$600000$erSGiNKcW4hyYvrGOX6BQE$VbKU/zqg/F9sx5VqdeniI8V1VSjmF3+G6io5xJRxu1w=', '2024-08-01 03:46:16.031698', 1, 'admin', '', '', 'admin@gmail.com', 1, 1, '2024-05-28 08:28:03.890795'),
(68, 'pbkdf2_sha256$600000$8OWvHToJyCZUndqyz6l21v$Hgjtt548FnrcxjF33hFQ7NHdaXnA6uruXdjvI2Pjwd4=', '2024-06-06 16:41:53.977764', 0, 'ralarcon', 'ALARCON', 'GARCIA ROGER ERNESTO', 'ralarcon@usat.edu.pe', 1, 1, '2024-06-06 15:52:20.107258'),
(69, 'pbkdf2_sha256$600000$R51pURSJ1ti6UZw4GKcC8r$dcb981dFLgE4xnEe774Nk5FrHKh3x3FP8DcaaPrli0o=', NULL, 0, 'maranguri', 'ARANGURI', 'GARCIA MARIA YSABEL', 'maranguri@usat.edu.pe', 1, 1, '2024-06-06 15:52:20.543523'),
(70, 'pbkdf2_sha256$600000$X3GUhhcjFIFOE4pGZJxWuD$Wdfow0NlPgpic5wkXJQYYmgzL1Y9CQWx8HjYU9BsaQg=', NULL, 0, 'jbravo', 'BRAVO', 'JAICO JESSIE LEILA', 'jbravo@usat.edu.pe', 1, 1, '2024-06-06 15:52:21.062827'),
(71, 'pbkdf2_sha256$600000$RFzMy9emm5Q5Wx0M6sOZSv$d+4JbhP7Ir6r2c8QUmohCpycrT36COY8T+jB7ukQCrA=', NULL, 0, 'jcachay', 'CACHAY', 'MACO JUNIOR EUGENIO', 'jcachay@usat.edu.pe', 1, 1, '2024-06-06 15:52:21.462463'),
(72, 'pbkdf2_sha256$600000$VpVmM1wbNaG35I2H1OE9gy$ZpqxvwIzRuBsKg49eugAX5PTsqHNz7JbxUyOSdT559w=', NULL, 0, 'scastillo', 'CASTILLO', 'ZUMARAN SEGUNDO JOSE', 'scastillo@usat.edu.pe', 1, 1, '2024-06-06 15:52:21.885842'),
(73, 'pbkdf2_sha256$600000$YdyI6nSUxpdYtFlDa4PsXa$JEMIRuR520pYGG7FXmLcgqVGAd17fTDsjqiZ1euJKWc=', NULL, 0, 'mchavarry', 'CHAVARRY', 'CHANKAY MARIANA', 'mchavarry@usat.edu.pe', 1, 1, '2024-06-06 15:52:22.345140'),
(74, 'pbkdf2_sha256$600000$I97oeJOyUEQ4mPZ05DdpEY$Xj78vik+Tkfp3HAUIDINojzaXNmtIoeGXiIZ4ZaBHWw=', NULL, 0, 'cdelcastillo', 'DEL', 'CASTILLO CASTRO CONSUELO IVONNE', 'cdelcastillo@usat.edu.pe', 1, 1, '2024-06-06 15:52:22.742827'),
(75, 'pbkdf2_sha256$600000$hiGjQulUe72FVYUiNwu0SH$pBFoB+0U9vZujwYXog/zevnzSm5NThWyGAGk2T1qc+8=', NULL, 0, 'miguel.diaz', 'DIAZ', 'ESPINO MIGUEL ANGEL', 'miguel.diaz@usat.edu.pe', 1, 1, '2024-06-06 15:52:23.177476'),
(76, 'pbkdf2_sha256$600000$vYiMhlYknhFGjVLbYuGCXF$B2LZ3CKXPxah5nsGpZpHNptZ7DaH8AqwhcNo/5BUe3Q=', NULL, 0, 'mdvidarte', 'DIAZ', 'VIDARTE MIGUEL ORLANDO', 'mdvidarte@usat.edu.pe', 1, 1, '2024-06-06 15:52:23.571199'),
(77, 'pbkdf2_sha256$600000$mejKp3iqOstTHshtSCsiQ4$ap5vDahIBWz2h/DxGiiN+96bsnDCuJb7pz+A1fIzVgM=', NULL, 0, 'riman', 'IMAN', 'ESPINOZA RICARDO DAVID', 'riman@usat.edu.pe', 1, 1, '2024-06-06 15:52:24.005044'),
(78, 'pbkdf2_sha256$600000$MgEgAsVHws5lbiE5AmEq6f$LXDk0+SGN99YLgvwKrRdW9GaL0QG52ShlblCkTXDlVs=', NULL, 0, 'gleon', 'LEON', 'TENORIO GREGORIO MANUEL', 'gleon@usat.edu.pe', 1, 1, '2024-06-06 15:52:24.443901'),
(79, 'pbkdf2_sha256$600000$0wYik2PhUETh6vzUSlTTQt$rkLjdDh30uW5ZgOpa/io8mpgnuusbQa8zCPvfiJt/Iw=', NULL, 0, 'glip', 'LIP', 'CURO GUADALUPE TERESA', 'glip@usat.edu.pe', 1, 1, '2024-06-06 15:52:24.856467'),
(80, 'pbkdf2_sha256$600000$GJn7Ghqu98XyCdrBnTVfxm$YN1kCBTNUTcY8a2T2vi2K78pA40aI0QzKLE7y7MtqZg=', NULL, 0, 'elujan', 'LUJAN', 'SEGURA EDWAR GLORIMER', 'elujan@usat.edu.pe', 1, 1, '2024-06-06 15:52:25.271476'),
(81, 'pbkdf2_sha256$600000$kTS9VMX2yr68cWxfQQuSQx$zQeCSIEt0FSwJMHETkfewdKm7eHa0qc+2i2mV099pSs=', NULL, 0, 'hmera', 'MERA', 'MONTENEGRO HUILDER JUANITO', 'hmera@usat.edu.pe', 1, 1, '2024-06-06 15:52:25.679842'),
(82, 'pbkdf2_sha256$600000$O0J7DfnTj5HugTVUhP0mm5$iifWnYKh9DG2pSXMeYKeNH8lkxOcsBexA76/myxfLFI=', NULL, 0, 'wnoblecilla', 'NOBLECILLA', 'VINCES WILLIAM ALFREDO', 'wnoblecilla@usat.edu.pe', 1, 1, '2024-06-06 15:52:26.073256'),
(83, 'pbkdf2_sha256$600000$bX7l8WbRwzdTwvUL2oKZhd$tfgTMy24I9XUcRdibAwg4sQZ4zCMS92sSCknoR3685Y=', NULL, 0, 'kreyes', 'REYES', 'BURGOS KARLA CECILIA', 'kreyes@usat.edu.pe', 1, 1, '2024-06-06 15:52:26.494788'),
(84, 'pbkdf2_sha256$600000$FHVDV59RwgeN2LV9hltQYd$FcpXORrlnYmSaL/t/V7LCPA29WTkOXvGvsDYbBJCeg0=', NULL, 0, 'lrobles', 'ROBLES', 'PIZARRO LUIS DAVID', 'lrobles@usat.edu.pe', 1, 1, '2024-06-06 15:52:26.893458'),
(85, 'pbkdf2_sha256$600000$RmsZ2OpUVd7vWkaqCKeN79$NDLXvXTPAhtced5QjNWXBPw1zqcoONEg7H3yZMl7b4E=', NULL, 0, 'mrojas', 'ROJAS', 'CERNA MIGUEL ANGEL', 'mrojas@usat.edu.pe', 1, 1, '2024-06-06 15:52:27.284889'),
(86, 'pbkdf2_sha256$600000$kqTZlDYHy60Gtg3oenTuAD$ipofQXbSgeRB9NnL5vHpNBfpTr8Cy8tbuvWbvfZj1QA=', NULL, 0, 'jtorres', 'TORRES', 'BENAVIDES JUAN ANTONIO', 'jtorres@usat.edu.pe', 1, 1, '2024-06-06 15:52:27.706372'),
(87, 'pbkdf2_sha256$600000$cpSCdDfI8yqC2MyzCt5oYz$0lGZaz7lqhn3QJvDuoOaAiZjIEHey01KwZYFbudKlAE=', NULL, 0, 'avalqui', 'VALQUI', 'SIPIRAN ALEXANDERS', 'avalqui@usat.edu.pe', 1, 1, '2024-06-06 15:52:28.096415'),
(88, 'pbkdf2_sha256$600000$pSAUCPPsGyoF0OS95WmcKx$M1zFpjjPXJ/zIwg+kvNPIZf8gY/T/I1+PWiRqbL5aO8=', NULL, 0, 'mvilchez', 'VILCHEZ', 'RIVAS MARLON EUGENIO', 'mvilchez@usat.edu.pe', 1, 1, '2024-06-06 15:52:28.515880'),
(89, 'pbkdf2_sha256$600000$vqYrmthfnwGjFIWSofJnff$sXp2m4AETBnqECg2Wp2zxt3OEvvBLGUCQyDHzUTavz8=', '2024-06-14 21:24:33.072067', 0, 'hzelada', 'ZELADA', 'VALDIVIESO HECTOR MIGUEL', 'hzelada@usat.edu.pe', 1, 1, '2024-06-06 15:52:28.931621'),
(90, 'pbkdf2_sha256$600000$ShWdqGOk8bqA3giRhgxvay$o8F/3ifD3fkeHQ3SnUItuVHVZHVPA2WBFvUA2QafG5M=', NULL, 0, 'lzune', 'ZUÑE', 'BISPO LUIS AUGUSTO', 'lzune@usat.edu.pe', 1, 1, '2024-06-06 15:52:29.340683'),
(91, 'pbkdf2_sha256$600000$aMSU4axuRXkuL1ZRsNKbIi$4pHKRVHJd9hmi6yP1gBeyvrdbRzgoqPq9kW/wQqwF2I=', NULL, 0, 'ncordova', 'NICHO', 'CORDOVA ERNESTO LUDWIN', 'ncordova@usat.edu.pe', 1, 1, '2024-06-06 15:52:29.763970'),
(92, 'pbkdf2_sha256$600000$zsgyalHjpgbP39n2PaMNIi$4PZRbc1rTo6Xnc/zjFk1ZKBdQpAUbgnCDVerZBqtMiU=', NULL, 0, 'frank', 'AQUINO', 'TRUJILLO JURY YESENIA', 'frank@gmail.com', 1, 1, '2024-06-06 15:53:32.263559'),
(93, 'pbkdf2_sha256$600000$eCDXo89bD54YB0oXBG6Kx9$zsv/FHErQFlwY/AgNZm1qSIApZ2Xv81yngJYZD9sq5c=', NULL, 0, 'jaquino', 'AQUINO', 'TRUJILLO JURY YESENIA', 'jaquino@usat.edu.pe', 1, 1, '2024-06-06 15:56:27.865511'),
(94, 'pbkdf2_sha256$600000$DguMe6YAcwwvm7QRiTtMXx$vaZ93KsxAoZAb4tvwZL5Bh8n3gA1gAkeVRy5tZd4nOQ=', NULL, 0, 'prueba', 'AQUINO', 'TRUJILLO JURY YESENIA', 'prueba@gmail.com', 1, 1, '2024-06-06 16:37:55.377315');

-- --------------------------------------------------------

--
-- Estructura de tabla para la tabla `auth_user_groups`
--

CREATE TABLE `auth_user_groups` (
  `id` bigint(20) NOT NULL,
  `user_id` int(11) NOT NULL,
  `group_id` int(11) NOT NULL
) ENGINE=InnoDB DEFAULT CHARSET=utf8mb4 COLLATE=utf8mb4_general_ci;

-- --------------------------------------------------------

--
-- Estructura de tabla para la tabla `auth_user_user_permissions`
--

CREATE TABLE `auth_user_user_permissions` (
  `id` bigint(20) NOT NULL,
  `user_id` int(11) NOT NULL,
  `permission_id` int(11) NOT NULL
) ENGINE=InnoDB DEFAULT CHARSET=utf8mb4 COLLATE=utf8mb4_general_ci;

-- --------------------------------------------------------

--
-- Estructura de tabla para la tabla `django_admin_log`
--

CREATE TABLE `django_admin_log` (
  `id` int(11) NOT NULL,
  `action_time` datetime(6) NOT NULL,
  `object_id` longtext DEFAULT NULL,
  `object_repr` varchar(200) NOT NULL,
  `action_flag` smallint(5) UNSIGNED NOT NULL CHECK (`action_flag` >= 0),
  `change_message` longtext NOT NULL,
  `content_type_id` int(11) DEFAULT NULL,
  `user_id` int(11) NOT NULL
) ENGINE=InnoDB DEFAULT CHARSET=utf8mb4 COLLATE=utf8mb4_general_ci;

--
-- Volcado de datos para la tabla `django_admin_log`
--

INSERT INTO `django_admin_log` (`id`, `action_time`, `object_id`, `object_repr`, `action_flag`, `change_message`, `content_type_id`, `user_id`) VALUES
(1, '2024-05-28 08:37:33.137634', '1', 'Ocrospoma Ugaz Frank Anthony', 1, '[{\"added\": {}}]', 3, 1),
(2, '2024-05-28 08:47:03.115241', '1', '2024-II', 1, '[{\"added\": {}}]', 5, 1),
(3, '2024-05-28 08:47:51.286457', '3', 'Proyecto de Investigación', 1, '[{\"added\": {}}]', 1, 1),
(4, '2024-05-28 08:48:03.382537', '4', 'Seminario de Tesis II', 1, '[{\"added\": {}}]', 1, 1),
(5, '2024-05-28 08:51:36.568479', '2', 'A', 1, '[{\"added\": {}}]', 2, 1),
(6, '2024-05-28 08:51:39.897418', '3', 'B', 1, '[{\"added\": {}}]', 2, 1),
(7, '2024-05-28 08:51:41.635910', '4', 'C', 1, '[{\"added\": {}}]', 2, 1),
(8, '2024-05-28 10:41:10.398306', '1', '2024-I', 2, '[{\"changed\": {\"fields\": [\"Nombre\"]}}]', 5, 1),
(9, '2024-05-28 20:16:08.717787', '6', 'ZELADA VALDIVIESO HECTOR MIGUEL', 3, '', 4, 1),
(10, '2024-05-28 20:16:08.721786', '5', 'ARANGURI GARCIA MARIA YSABEL', 3, '', 4, 1),
(11, '2024-05-28 20:16:08.729949', '4', 'ALARCON GARCIA ROGER ERNESTO', 3, '', 4, 1),
(12, '2024-05-28 23:11:53.087260', '2', '2024-II', 1, '[{\"added\": {}}]', 5, 1),
(13, '2024-05-29 05:01:57.065289', '4', 'SANCHEZ RIVAS JOSE CARLOS', 3, '', 3, 1),
(14, '2024-05-29 05:01:57.069276', '3', 'LOPEZ SILVA ROCIO DEL CARMEN', 3, '', 3, 1),
(15, '2024-05-29 05:01:57.071283', '2', 'CHAVARRY CAMPOS JHOSEP RICARDO', 3, '', 3, 1),
(16, '2024-05-29 05:05:58.836875', '5', 'CHAVARRY CAMPOS JHOSEP RICARDO', 3, '', 3, 1),
(17, '2024-05-29 05:24:41.484673', '6', 'CHAVARRY CAMPOS JHOSEP RICARDO', 3, '', 3, 1),
(18, '2024-05-30 04:58:13.566994', '9', 'ZELADA VALDIVIESO HECTOR MIGUEL', 3, '', 4, 1),
(19, '2024-05-30 04:58:13.570544', '8', 'ARANGURI GARCIA MARIA YSABEL', 3, '', 4, 1),
(20, '2024-05-30 04:58:13.575541', '7', 'ALARCON GARCIA ROGER ERNESTO', 3, '', 4, 1),
(21, '2024-05-30 06:07:27.799927', '1', 'OCROSPOMA UGAZ FRANK ANTHONY', 2, '[{\"changed\": {\"fields\": [\"Apellidos nombres\"]}}]', 3, 1),
(22, '2024-05-30 23:26:40.919923', '13', 'AQUINO TRUJILLO JURY YESENIA', 1, '[{\"added\": {}}]', 4, 1),
(23, '2024-05-31 05:26:19.606172', '1', ' 2024-I ZELADA VALDIVIESO HECTOR MIGUEL  2024-05-07 12:00:00 18:00:00', 1, '[{\"added\": {}}]', 19, 1),
(24, '2024-05-31 06:40:27.597536', '13', 'AQUINO TRUJILLO JURY YESENIA', 2, '[]', 4, 1),
(25, '2024-05-31 09:21:12.076577', '16', 'adca', 1, '[{\"added\": {}}]', 4, 1),
(26, '2024-05-31 09:21:20.299142', '13', 'AQUINO TRUJILLO JURY YESENIA', 2, '[{\"changed\": {\"fields\": [\"User\"]}}]', 4, 1),
(27, '2024-05-31 09:30:22.694898', '16', 'adca', 3, '', 4, 1),
(28, '2024-05-31 09:31:46.977831', '17', 'MERA MONTENEGRO HUILDER JUANITO', 1, '[{\"added\": {}}]', 4, 1),
(29, '2024-05-31 09:32:03.684849', '13', 'AQUINO TRUJILLO JURY YESENIA', 2, '[{\"changed\": {\"fields\": [\"Telefono\"]}}]', 4, 1),
(30, '2024-05-31 09:32:35.329087', '18', 'REYES BURGOS KARLA CECILIA', 1, '[{\"added\": {}}]', 4, 1),
(31, '2024-05-31 09:33:33.912677', '19', 'IMAN ESPINOZA RICARDO DAVID', 1, '[{\"added\": {}}]', 4, 1),
(32, '2024-05-31 09:38:12.191884', '19', 'IMAN ESPINOZA RICARDO DAVID', 3, '', 4, 1),
(33, '2024-05-31 09:38:12.195444', '18', 'REYES BURGOS KARLA CECILIA', 3, '', 4, 1),
(34, '2024-05-31 09:38:12.199424', '17', 'MERA MONTENEGRO HUILDER JUANITO', 3, '', 4, 1),
(35, '2024-05-31 09:48:41.219788', '24', 'REYES BURGOS KARLA CECILIA', 1, '[{\"added\": {}}]', 4, 1),
(36, '2024-05-31 09:48:55.465081', '20', 'MERA MONTENEGRO HUILDER JUANITO', 2, '[{\"changed\": {\"fields\": [\"Email\"]}}]', 4, 1),
(37, '2024-05-31 09:49:07.142523', '24', 'REYES BURGOS KARLA CECILIA', 2, '[{\"changed\": {\"fields\": [\"Email\"]}}]', 4, 1),
(38, '2024-05-31 10:15:09.293342', '1', '2024-I Proyecto de Investigación PARCIAL', 1, '[{\"added\": {}}]', 18, 1),
(39, '2024-05-31 10:15:25.921980', '1', '2024-I Proyecto de Investigación PARCIAL', 2, '[{\"changed\": {\"fields\": [\"Semana fin\", \"Fecha fin\"]}}]', 18, 1),
(40, '2024-05-31 10:16:16.778756', '1', '2024-I Proyecto de Investigación PARCIAL', 2, '[{\"changed\": {\"fields\": [\"Semana inicio\", \"Semana fin\", \"Fecha inicio\", \"Fecha fin\"]}}]', 18, 1),
(41, '2024-05-31 10:16:39.296689', '1', '2024-I Proyecto de Investigación PARCIAL', 2, '[{\"changed\": {\"fields\": [\"Semana fin\", \"Fecha fin\"]}}]', 18, 1),
(42, '2024-05-31 10:16:57.023392', '1', '2024-I Proyecto de Investigación PARCIAL', 2, '[{\"changed\": {\"fields\": [\"Semana fin\", \"Fecha fin\"]}}]', 18, 1),
(43, '2024-05-31 21:14:05.654413', '1', '2024-I Proyecto de Investigación PARCIAL', 2, '[{\"changed\": {\"fields\": [\"Fecha inicio\", \"Fecha fin\"]}}]', 18, 1),
(44, '2024-05-31 21:59:19.156106', '1', '2024-I Proyecto de Investigación PARCIAL', 2, '[{\"changed\": {\"fields\": [\"Fecha inicio\", \"Fecha fin\"]}}]', 18, 1),
(45, '2024-05-31 22:00:46.554940', '2', '2024-I Seminario de Tesis II PARCIAL', 1, '[{\"added\": {}}]', 18, 1),
(46, '2024-05-31 22:01:00.544730', '1', '2024-I Proyecto de Investigación PARCIAL', 2, '[{\"changed\": {\"fields\": [\"Fecha fin\", \"Compensan horas\"]}}]', 18, 1),
(47, '2024-05-31 22:08:22.822310', '2', ' 2024-I ALARCON GARCIA ROGER ERNESTO  2024-05-31 15:30:00 19:30:00', 2, '[{\"changed\": {\"fields\": [\"Fecha\", \"Hora inicio\", \"Hora fin\"]}}]', 19, 1),
(48, '2024-05-31 22:35:25.924796', '2', ' 2024-I ALARCON GARCIA ROGER ERNESTO  2024-05-06 15:30:00 19:30:00', 2, '[{\"changed\": {\"fields\": [\"Fecha\"]}}]', 19, 1),
(49, '2024-05-31 22:35:37.829027', '1', ' 2024-I ZELADA VALDIVIESO HECTOR MIGUEL  2024-05-06 12:00:00 18:00:00', 2, '[{\"changed\": {\"fields\": [\"Fecha\"]}}]', 19, 1),
(50, '2024-06-01 08:06:37.016775', '1', '2024-I Proyecto de Investigación PARCIAL', 2, '[{\"changed\": {\"fields\": [\"Fecha fin\"]}}]', 18, 1),
(51, '2024-06-01 08:13:42.102967', '1', ' 2024-I ZELADA VALDIVIESO HECTOR MIGUEL  2024-05-06 10:00:00 12:00:00', 2, '[{\"changed\": {\"fields\": [\"Hora inicio\", \"Hora fin\"]}}]', 19, 1),
(52, '2024-06-01 08:37:18.717001', '29', ' 2024-I VILCHEZ RIVAS MARLON EUGENIO  2024-05-29 14:00:00 15:00:00', 3, '', 19, 1),
(53, '2024-06-01 08:37:18.719993', '28', ' 2024-I VILCHEZ RIVAS MARLON EUGENIO  2024-05-22 14:00:00 15:00:00', 3, '', 19, 1),
(54, '2024-06-01 08:37:18.724517', '27', ' 2024-I VILCHEZ RIVAS MARLON EUGENIO  2024-05-15 14:00:00 15:00:00', 3, '', 19, 1),
(55, '2024-06-01 08:37:18.727536', '26', ' 2024-I REYES BURGOS KARLA CECILIA  2024-05-28 10:00:00 11:00:00', 3, '', 19, 1),
(56, '2024-06-01 08:37:18.730543', '25', ' 2024-I REYES BURGOS KARLA CECILIA  2024-05-21 10:00:00 11:00:00', 3, '', 19, 1),
(57, '2024-06-01 08:37:18.733059', '24', ' 2024-I REYES BURGOS KARLA CECILIA  2024-05-14 10:00:00 11:00:00', 3, '', 19, 1),
(58, '2024-06-01 08:37:18.737071', '23', ' 2024-I CASTILLO ZUMARAN SEGUNDO  2024-05-27 08:00:00 09:00:00', 3, '', 19, 1),
(59, '2024-06-01 08:37:18.740072', '22', ' 2024-I CASTILLO ZUMARAN SEGUNDO  2024-05-20 08:00:00 09:00:00', 3, '', 19, 1),
(60, '2024-06-01 08:37:18.745617', '21', ' 2024-I CASTILLO ZUMARAN SEGUNDO  2024-05-13 08:00:00 09:00:00', 3, '', 19, 1),
(61, '2024-06-01 08:37:18.748627', '20', ' 2024-I DEL CASTILLO CASTRO CONSUELO  2024-05-26 14:00:00 15:00:00', 3, '', 19, 1),
(62, '2024-06-01 08:37:18.751609', '19', ' 2024-I DEL CASTILLO CASTRO CONSUELO  2024-05-19 14:00:00 15:00:00', 3, '', 19, 1),
(63, '2024-06-01 08:37:18.754128', '18', ' 2024-I DEL CASTILLO CASTRO CONSUELO  2024-05-12 14:00:00 15:00:00', 3, '', 19, 1),
(64, '2024-06-01 08:37:18.757146', '17', ' 2024-I IMAN ESPINOZA RICARDO DAVID  2024-05-25 10:00:00 11:00:00', 3, '', 19, 1),
(65, '2024-06-01 08:37:18.760172', '16', ' 2024-I IMAN ESPINOZA RICARDO DAVID  2024-05-18 10:00:00 11:00:00', 3, '', 19, 1),
(66, '2024-06-01 08:37:18.763702', '15', ' 2024-I IMAN ESPINOZA RICARDO DAVID  2024-05-11 10:00:00 11:00:00', 3, '', 19, 1),
(67, '2024-06-01 08:37:18.765711', '14', ' 2024-I MERA MONTENEGRO HUILDER JUANITO  2024-05-24 08:00:00 09:00:00', 3, '', 19, 1),
(68, '2024-06-01 08:37:18.769694', '13', ' 2024-I MERA MONTENEGRO HUILDER JUANITO  2024-05-17 08:00:00 09:00:00', 3, '', 19, 1),
(69, '2024-06-01 08:37:18.772698', '12', ' 2024-I MERA MONTENEGRO HUILDER JUANITO  2024-05-10 08:00:00 09:00:00', 3, '', 19, 1),
(70, '2024-06-01 08:37:18.776199', '11', ' 2024-I ZELADA VALDIVIESO HECTOR MIGUEL  2024-05-23 14:00:00 15:00:00', 3, '', 19, 1),
(71, '2024-06-01 08:37:18.779196', '10', ' 2024-I ZELADA VALDIVIESO HECTOR MIGUEL  2024-05-16 14:00:00 15:00:00', 3, '', 19, 1),
(72, '2024-06-01 08:37:18.781198', '9', ' 2024-I ZELADA VALDIVIESO HECTOR MIGUEL  2024-05-09 14:00:00 15:00:00', 3, '', 19, 1),
(73, '2024-06-01 08:37:18.786358', '8', ' 2024-I ARANGURI GARCIA MARIA YSABEL  2024-05-22 10:00:00 11:00:00', 3, '', 19, 1),
(74, '2024-06-01 08:37:18.788322', '7', ' 2024-I ARANGURI GARCIA MARIA YSABEL  2024-05-15 10:00:00 11:00:00', 3, '', 19, 1),
(75, '2024-06-01 08:37:18.790295', '6', ' 2024-I ARANGURI GARCIA MARIA YSABEL  2024-05-08 10:00:00 11:00:00', 3, '', 19, 1),
(76, '2024-06-01 08:37:18.793834', '5', ' 2024-I ALARCON GARCIA ROGER ERNESTO  2024-05-21 08:00:00 09:00:00', 3, '', 19, 1),
(77, '2024-06-01 08:37:18.796854', '4', ' 2024-I ALARCON GARCIA ROGER ERNESTO  2024-05-14 08:00:00 09:00:00', 3, '', 19, 1),
(78, '2024-06-01 08:37:18.799856', '3', ' 2024-I ALARCON GARCIA ROGER ERNESTO  2024-05-07 08:00:00 09:00:00', 3, '', 19, 1),
(79, '2024-06-01 08:37:18.803373', '2', ' 2024-I ALARCON GARCIA ROGER ERNESTO  2024-05-06 15:30:00 19:30:00', 3, '', 19, 1),
(80, '2024-06-01 08:37:18.806372', '1', ' 2024-I ZELADA VALDIVIESO HECTOR MIGUEL  2024-05-06 10:00:00 12:00:00', 3, '', 19, 1),
(81, '2024-06-01 19:16:01.306855', '17', 'mhuilder', 2, '[{\"changed\": {\"fields\": [\"password\"]}}]', 15, 1),
(82, '2024-06-03 23:03:55.450690', '65', ' 2024-I VILCHEZ RIVAS MARLON EUGENIO  2024-05-10 17:30:00 21:30:00', 3, '', 19, 1),
(83, '2024-06-03 23:03:55.455667', '64', ' 2024-I VILCHEZ RIVAS MARLON EUGENIO  2024-05-09 18:30:00 19:30:00', 3, '', 19, 1),
(84, '2024-06-03 23:03:55.460667', '63', ' 2024-I VILCHEZ RIVAS MARLON EUGENIO  2024-05-08 20:30:00 22:30:00', 3, '', 19, 1),
(85, '2024-06-03 23:03:55.462665', '62', ' 2024-I VILCHEZ RIVAS MARLON EUGENIO  2024-05-07 18:00:00 22:00:00', 3, '', 19, 1),
(86, '2024-06-03 23:03:55.465667', '61', ' 2024-I VILCHEZ RIVAS MARLON EUGENIO  2024-05-06 20:30:00 22:00:00', 3, '', 19, 1),
(87, '2024-06-03 23:04:41.575865', '70', ' 2024-I VILCHEZ RIVAS MARLON EUGENIO  2024-05-10 17:30:00 21:30:00', 3, '', 19, 1),
(88, '2024-06-03 23:04:41.578865', '69', ' 2024-I VILCHEZ RIVAS MARLON EUGENIO  2024-05-09 18:30:00 19:30:00', 3, '', 19, 1),
(89, '2024-06-03 23:04:41.580880', '68', ' 2024-I VILCHEZ RIVAS MARLON EUGENIO  2024-05-08 20:30:00 22:30:00', 3, '', 19, 1),
(90, '2024-06-03 23:04:41.582858', '67', ' 2024-I VILCHEZ RIVAS MARLON EUGENIO  2024-05-07 18:00:00 22:00:00', 3, '', 19, 1),
(91, '2024-06-03 23:04:41.586943', '66', ' 2024-I VILCHEZ RIVAS MARLON EUGENIO  2024-05-06 20:30:00 22:00:00', 3, '', 19, 1),
(92, '2024-06-03 23:05:19.983777', '76', ' 2024-I VILCHEZ RIVAS MARLON EUGENIO  2024-05-18 20:00:00 22:30:00', 3, '', 19, 1),
(93, '2024-06-03 23:05:19.985780', '75', ' 2024-I VILCHEZ RIVAS MARLON EUGENIO  2024-05-17 18:00:00 21:30:00', 3, '', 19, 1),
(94, '2024-06-03 23:05:19.987777', '74', ' 2024-I VILCHEZ RIVAS MARLON EUGENIO  2024-05-16 18:00:00 22:00:00', 3, '', 19, 1),
(95, '2024-06-03 23:05:19.991779', '73', ' 2024-I VILCHEZ RIVAS MARLON EUGENIO  2024-05-15 18:00:00 21:00:00', 3, '', 19, 1),
(96, '2024-06-03 23:05:19.994774', '72', ' 2024-I VILCHEZ RIVAS MARLON EUGENIO  2024-05-14 19:00:00 00:00:00', 3, '', 19, 1),
(97, '2024-06-03 23:05:19.996773', '71', ' 2024-I VILCHEZ RIVAS MARLON EUGENIO  2024-05-13 16:30:00 22:00:00', 3, '', 19, 1),
(98, '2024-06-05 20:45:47.618701', '13', 'Gil Fernandez Geancarlos', 1, '[{\"added\": {}}]', 3, 1),
(99, '2024-06-05 20:54:31.474047', '13', 'GIL FERNANDEZ GEANCARLOS', 2, '[{\"changed\": {\"fields\": [\"Apellidos nombres\"]}}]', 3, 1),
(100, '2024-06-05 22:26:55.730267', '14', 'BARDALES RUEDA SEGUNDO JUAN JOSE', 1, '[{\"added\": {}}]', 3, 1),
(101, '2024-06-05 22:42:39.596967', '15', 'GUZMAN MORI CARLOS GUSTAVO', 1, '[{\"added\": {}}]', 3, 1),
(102, '2024-06-05 22:43:37.345870', '16', 'HORNA MARTINEZ BRAYAN ALEXIS', 1, '[{\"added\": {}}]', 3, 1),
(103, '2024-06-05 23:11:57.594351', '17', 'BULNES JIMENEZ OSMAR GUSTAVO', 1, '[{\"added\": {}}]', 3, 1),
(104, '2024-06-05 23:16:10.162144', '18', 'COBENAS CERNA JHORDY YAMMIR', 1, '[{\"added\": {}}]', 3, 1),
(105, '2024-06-06 06:49:59.532870', '35', 'calarcong', 3, '', 15, 1),
(106, '2024-06-06 06:49:59.537387', '32', 'cbravo', 3, '', 15, 1),
(107, '2024-06-06 06:49:59.540387', '34', 'cdiazvidarte', 3, '', 15, 1),
(108, '2024-06-06 06:49:59.542579', '42', 'cdurbenj', 3, '', 15, 1),
(109, '2024-06-06 06:49:59.545581', '40', 'cgilfernandez', 3, '', 15, 1),
(110, '2024-06-06 06:49:59.547582', '20', 'consuelo', 3, '', 15, 1),
(111, '2024-06-06 06:49:59.549580', '38', 'croblesp', 3, '', 15, 1),
(112, '2024-06-06 06:49:59.554099', '33', 'crojas', 3, '', 15, 1),
(113, '2024-06-06 06:49:59.556102', '39', 'dsancuchi', 3, '', 15, 1),
(114, '2024-06-06 06:49:59.559102', '44', 'glipcu', 3, '', 15, 1),
(115, '2024-06-06 06:49:59.561100', '41', 'hcanomar', 3, '', 15, 1),
(116, '2024-06-06 06:49:59.564527', '12', 'hzelada', 3, '', 15, 1),
(117, '2024-06-06 06:49:59.567045', '16', 'jaquino', 3, '', 15, 1),
(118, '2024-06-06 06:49:59.571050', '28', 'jcachay', 3, '', 15, 1),
(119, '2024-06-06 06:49:59.575511', '43', 'junibispo', 3, '', 15, 1),
(120, '2024-06-06 06:49:59.578512', '24', 'kreyes', 3, '', 15, 1),
(121, '2024-06-06 06:49:59.581020', '26', 'lcuro', 3, '', 15, 1),
(122, '2024-06-06 06:49:59.583029', '27', 'lrobles', 3, '', 15, 1),
(123, '2024-06-06 06:49:59.586029', '30', 'luansegura', 3, '', 15, 1),
(124, '2024-06-06 06:49:59.589032', '11', 'maranguri', 3, '', 15, 1),
(125, '2024-06-06 06:49:59.591540', '17', 'mhuilder', 3, '', 15, 1),
(126, '2024-06-06 06:49:59.594908', '37', 'mreyestc', 3, '', 15, 1),
(127, '2024-06-06 06:49:59.596908', '29', 'mrojas', 3, '', 15, 1),
(128, '2024-06-06 06:49:59.599914', '25', 'mvilchez', 3, '', 15, 1),
(129, '2024-06-06 06:49:59.603320', '31', 'noblevinces', 3, '', 15, 1),
(130, '2024-06-06 06:49:59.606319', '10', 'ralarcon', 3, '', 15, 1),
(131, '2024-06-06 06:49:59.608320', '19', 'riman', 3, '', 15, 1),
(132, '2024-06-06 06:49:59.611325', '36', 'vvalquis', 3, '', 15, 1),
(133, '2024-06-06 06:49:59.613318', '21', 'zumaran', 3, '', 15, 1),
(134, '2024-06-06 06:56:07.958051', '47', 'AQUINO TRUJILLO JURY YESENIA', 1, '[{\"added\": {}}]', 4, 1),
(135, '2024-06-06 07:30:34.837054', '58', 'DIAZ CRUZ ZAID ALONSO', 3, '', 3, 1),
(136, '2024-06-06 07:30:34.840045', '57', 'SAAVEDRA CANESSA KIAN', 3, '', 3, 1),
(137, '2024-06-06 07:30:34.843175', '56', 'RUIZ CORREA JIMMY ALEJANDRO', 3, '', 3, 1),
(138, '2024-06-06 07:30:34.845179', '55', 'REYES RODRIGO KENY JOSUE', 3, '', 3, 1),
(139, '2024-06-06 07:30:34.847178', '54', 'RETAGUI FARRRO DIEGO ALER', 3, '', 3, 1),
(140, '2024-06-06 07:30:34.849175', '53', 'QUIROZ GARCIA CRISTIAN JESUS', 3, '', 3, 1),
(141, '2024-06-06 07:30:34.851797', '52', 'PIZARRO SANTIESTEBAN AVELO JACINTO', 3, '', 3, 1),
(142, '2024-06-06 07:30:34.853811', '51', 'PEREZ MONTENEGRO AXEL GABRIEL', 3, '', 3, 1),
(143, '2024-06-06 07:30:34.856813', '50', 'GUZMAN MOIR CARLOS GUSTAVO', 3, '', 3, 1),
(144, '2024-06-06 07:30:34.858809', '49', 'MORALES SONCO HUMBE NAATI', 3, '', 3, 1),
(145, '2024-06-06 07:30:34.861817', '48', 'GUERRERO PACHECO DIANA', 3, '', 3, 1),
(146, '2024-06-06 07:30:34.863812', '47', 'MARTINEZ HERRERA MAURICIO MANUEL', 3, '', 3, 1),
(147, '2024-06-06 07:30:34.866820', '46', 'GONZALES VASQUEZ OLENKA ALISSON', 3, '', 3, 1),
(148, '2024-06-06 07:30:34.868811', '45', 'GONZALES CAJUSOL ANGGELO', 3, '', 3, 1),
(149, '2024-06-06 07:30:34.870815', '44', 'DELGADO CABREJOS HUGO DAVID', 3, '', 3, 1),
(150, '2024-06-06 07:30:34.874174', '43', 'CORNEJO ANDOMIARIE DAVID MATIAS', 3, '', 3, 1),
(151, '2024-06-06 07:30:34.879170', '42', 'ALVAREZ PADILLA MARTIN ENRIQUE', 3, '', 3, 1),
(152, '2024-06-06 07:30:34.881683', '41', 'GIL FERNANDEZ GENACANGALOS', 3, '', 3, 1),
(153, '2024-06-06 07:30:34.884694', '40', 'COLUNCHE SANCHEZ JOSE NELSON', 3, '', 3, 1),
(154, '2024-06-06 07:30:34.886697', '39', 'SANCHEZ CIEZA CYNTHIA NAYELI', 3, '', 3, 1),
(155, '2024-06-06 07:30:34.889693', '38', 'DELGADO FERNANDEZ CARLOS ALBERTO', 3, '', 3, 1),
(156, '2024-06-06 07:30:34.891700', '37', 'CHANAME YAFAC KEVIN GABRIEL', 3, '', 3, 1),
(157, '2024-06-06 07:30:34.893693', '36', 'CUBA QUISPE YESENIA MARIELA', 3, '', 3, 1),
(158, '2024-06-06 07:30:34.896700', '35', 'BUILES JIMENEZ OSAMA GUSTAVO', 3, '', 3, 1),
(159, '2024-06-06 07:30:34.898698', '34', 'BONILLA POMA LUIS ALONSO', 3, '', 3, 1),
(160, '2024-06-06 07:30:34.900701', '33', 'DELGADO VIDARTE EDGARD ADRIAN', 3, '', 3, 1),
(161, '2024-06-06 07:30:34.902788', '32', 'PADILLA GONZALES MARCO ANTONIO', 3, '', 3, 1),
(162, '2024-06-06 07:30:34.904788', '31', 'OLIVERA TOMAPASCA WILDER JAIR', 3, '', 3, 1),
(163, '2024-06-06 07:30:34.907789', '30', 'FERNANDEZ ALVA EDU', 3, '', 3, 1),
(164, '2024-06-06 07:30:34.910789', '29', 'MORALES SERRATO PEDRO ESTEFAN', 3, '', 3, 1),
(165, '2024-06-06 07:30:34.912310', '28', 'VALDERA SANDOVAL MARY CECY', 3, '', 3, 1),
(166, '2024-06-06 07:30:34.915332', '27', 'SOPLAPUCO TAVARA IVANNA CAROLINA', 3, '', 3, 1),
(167, '2024-06-06 07:30:34.917325', '26', 'TORRES VALDERA DAMBERT WILFREDO', 3, '', 3, 1),
(168, '2024-06-06 07:30:34.919333', '25', 'SOPLAPUCO PURISACA JUNIOR ALEXIS', 3, '', 3, 1),
(169, '2024-06-06 07:30:34.920329', '24', 'SAUCEDO RUIZ JOE BRANDON', 3, '', 3, 1),
(170, '2024-06-06 07:30:34.922867', '23', 'RIVERA AYALA JERRY', 3, '', 3, 1),
(171, '2024-06-06 07:30:34.925875', '22', 'CAJAN POLO JUAN ALBERTO SEGUNDO', 3, '', 3, 1),
(172, '2024-06-06 07:30:34.928867', '21', 'BURGOS MEDIANERO LUIS MAURICIO', 3, '', 3, 1),
(173, '2024-06-06 07:30:34.931861', '20', 'BARDALES RUEDA SEGUNDO JUAN JOSE', 3, '', 3, 1),
(174, '2024-06-06 07:30:34.934070', '19', 'ARIAS MORENO CARLO RENATTO', 3, '', 3, 1),
(175, '2024-06-06 07:30:34.937071', '18', 'COBENAS CERNA JHORDY YAMMIR', 3, '', 3, 1),
(176, '2024-06-06 07:30:34.939075', '17', 'BULNES JIMENEZ OSMAR GUSTAVO', 3, '', 3, 1),
(177, '2024-06-06 07:30:34.941063', '16', 'HORNA MARTINEZ BRAYAN ALEXIS', 3, '', 3, 1),
(178, '2024-06-06 07:30:34.942575', '15', 'GUZMAN MORI CARLOS GUSTAVO', 3, '', 3, 1),
(179, '2024-06-06 07:30:34.945600', '14', 'BARDALES RUEDA SEGUNDO JUAN JOSE', 3, '', 3, 1),
(180, '2024-06-06 07:30:34.947589', '13', 'GIL FERNANDEZ GEANCARLOS', 3, '', 3, 1),
(181, '2024-06-06 07:30:34.948592', '12', 'VARGAS POLO PAUL', 3, '', 3, 1),
(182, '2024-06-06 07:30:34.951139', '11', 'TEJADA TORRES ERIKA', 3, '', 3, 1),
(183, '2024-06-06 07:30:34.954127', '10', 'MENDOZA CRESPO IVAN', 3, '', 3, 1),
(184, '2024-06-06 07:30:34.956133', '9', 'SANCHEZ RIVAS JOSE CARLOS', 3, '', 3, 1),
(185, '2024-06-06 07:30:34.959129', '8', 'LOPEZ SILVA ROCIO DEL CARMEN', 3, '', 3, 1),
(186, '2024-06-06 07:30:34.961125', '7', 'CHAVARRY CAMPOS JHOSEP RICARDO', 3, '', 3, 1),
(187, '2024-06-06 07:30:34.962646', '1', 'OCROSPOMA UGAZ FRANK ANTHONY', 3, '', 3, 1),
(188, '2024-06-06 07:32:50.286206', '64', 'CACHAY MACO JUNIOR EUGENIO', 2, '[{\"changed\": {\"fields\": [\"Telefono\"]}}]', 4, 1),
(189, '2024-06-06 11:01:08.391672', '53', 'ALARCON GARCIA ROGER ERNESTO', 3, '', 4, 1),
(190, '2024-06-06 14:57:08.377731', '59', 'calarcong', 3, '', 15, 1),
(191, '2024-06-06 14:57:08.377731', '56', 'cbravo', 3, '', 15, 1),
(192, '2024-06-06 14:57:08.385543', '58', 'cdiazvidarte', 3, '', 15, 1),
(193, '2024-06-06 14:57:08.385543', '49', 'consuelo', 3, '', 15, 1),
(194, '2024-06-06 14:57:08.393056', '60', 'croblesp', 3, '', 15, 1),
(195, '2024-06-06 14:57:08.393056', '57', 'crojas', 3, '', 15, 1),
(196, '2024-06-06 14:57:08.401393', '66', 'dvidarte', 3, '', 15, 1),
(197, '2024-06-06 14:57:08.401393', '64', 'glipcu', 3, '', 15, 1),
(198, '2024-06-06 14:57:08.401393', '46', 'hmera', 3, '', 15, 1),
(199, '2024-06-06 14:57:08.409936', '53', 'hzelada', 3, '', 15, 1),
(200, '2024-06-06 14:57:08.409936', '45', 'jaquino', 3, '', 15, 1),
(201, '2024-06-06 14:57:08.417460', '62', 'jcachay', 3, '', 15, 1),
(202, '2024-06-06 14:57:08.417460', '61', 'junibispo', 3, '', 15, 1),
(203, '2024-06-06 14:57:08.426118', '47', 'kreyes', 3, '', 15, 1),
(204, '2024-06-06 14:57:08.426118', '54', 'luansegura', 3, '', 15, 1),
(205, '2024-06-06 14:57:08.426118', '52', 'maranguri', 3, '', 15, 1),
(206, '2024-06-06 14:57:08.434362', '63', 'mvilchez', 3, '', 15, 1),
(207, '2024-06-06 14:57:08.434362', '55', 'noblevinces', 3, '', 15, 1),
(208, '2024-06-06 14:57:08.441878', '51', 'ralarcon', 3, '', 15, 1),
(209, '2024-06-06 14:57:08.441878', '48', 'riman', 3, '', 15, 1),
(210, '2024-06-06 14:57:08.450170', '65', 'valsipiran', 3, '', 15, 1),
(211, '2024-06-06 14:57:08.450979', '50', 'zumaran', 3, '', 15, 1),
(212, '2024-06-06 14:57:26.655928', '4', 'Seminario de Tesis II', 3, '', 1, 1),
(213, '2024-06-06 14:57:26.658968', '3', 'Proyecto de Investigación', 3, '', 1, 1),
(214, '2024-06-06 14:57:45.480221', '137', 'SALAZAR HERRERA MARTA', 3, '', 3, 1),
(215, '2024-06-06 14:57:45.480221', '136', 'MUNOZ PEREZ ROSA', 3, '', 3, 1),
(216, '2024-06-06 14:57:45.488760', '135', 'SOTO MENDEZ JAVIER', 3, '', 3, 1),
(217, '2024-06-06 14:57:45.488760', '134', 'GUTIERREZ RUIZ FERNANDO', 3, '', 3, 1),
(218, '2024-06-06 14:57:45.488760', '133', 'ROMERO CASTILLO INES', 3, '', 3, 1),
(219, '2024-06-06 14:57:45.496273', '132', 'MORALES DIAZ ALBERTO', 3, '', 3, 1),
(220, '2024-06-06 14:57:45.496273', '131', 'NAVARRO FLORES MONICA', 3, '', 3, 1),
(221, '2024-06-06 14:57:45.504233', '130', 'GOMEZ RAMOS ANDRES', 3, '', 3, 1),
(222, '2024-06-06 14:57:45.504233', '129', 'RIVERA CRUZ PATRICIA', 3, '', 3, 1),
(223, '2024-06-06 14:57:45.504233', '128', 'TORRES ALVAREZ MANUEL', 3, '', 3, 1),
(224, '2024-06-06 14:57:45.512235', '127', 'GARCIA MARTINEZ BEATRIZ', 3, '', 3, 1),
(225, '2024-06-06 14:57:45.512235', '126', 'DIAZ FERNANDEZ JOSE', 3, '', 3, 1),
(226, '2024-06-06 14:57:45.512235', '125', 'SANCHEZ RAMIREZ CARMEN', 3, '', 3, 1),
(227, '2024-06-06 14:57:45.520242', '124', 'LOPEZ SANCHEZ LUCIA', 3, '', 3, 1),
(228, '2024-06-06 14:57:45.520242', '123', 'HERNANDEZ GARCIA LUIS', 3, '', 3, 1),
(229, '2024-06-06 14:57:45.520242', '122', 'RODRIGUEZ MARTIN ANA', 3, '', 3, 1),
(230, '2024-06-06 14:57:45.528234', '121', 'MARTINEZ DIAZ CARLOS', 3, '', 3, 1),
(231, '2024-06-06 14:57:45.528234', '120', 'RAMIREZ LOPEZ MARIA', 3, '', 3, 1),
(232, '2024-06-06 14:57:45.528234', '119', 'GONZALEZ PEREZ JUAN', 3, '', 3, 1),
(233, '2024-06-06 14:57:45.536625', '118', 'BETANCUR SANCHEZ ALEX NICANOR', 3, '', 3, 1),
(234, '2024-06-06 14:57:45.536625', '117', 'VILLEGAS SOTO ANYELO FRANTI', 3, '', 3, 1),
(235, '2024-06-06 14:57:45.536625', '116', 'LOPEZ HUERTA MARIALEJANDRA', 3, '', 3, 1),
(236, '2024-06-06 14:57:45.544624', '115', 'HERRERA CERCADO GABRIEL OMAR', 3, '', 3, 1),
(237, '2024-06-06 14:57:45.544624', '114', 'MARIN TANTALEAN MOISES FERNANDO', 3, '', 3, 1),
(238, '2024-06-06 14:57:45.544624', '113', 'VALDERA SANDOVAL MYRELLA STEFANY', 3, '', 3, 1),
(239, '2024-06-06 14:57:45.553004', '112', 'RIOJA JIMENEZ IOSIV RUBEN KATARI', 3, '', 3, 1),
(240, '2024-06-06 14:57:45.553004', '111', 'RAMIREZ CHAVEZ PIERO MARTIN', 3, '', 3, 1),
(241, '2024-06-06 14:57:45.561009', '110', 'PISFIL FALLA BRUNO SEBASTIAN', 3, '', 3, 1),
(242, '2024-06-06 14:57:45.561009', '109', 'MENDOZA PORTOCARRERO CARLOS ENRI', 3, '', 3, 1),
(243, '2024-06-06 14:57:45.561009', '108', 'ODAR TESEN DIANA DEL CARMEN', 3, '', 3, 1),
(244, '2024-06-06 14:57:45.569004', '107', 'PUPUCHE RODAS ANGEL ADRIAN', 3, '', 3, 1),
(245, '2024-06-06 14:57:45.570148', '106', 'HORNA MARTINEZ BRAYAN ALEXIS', 3, '', 3, 1),
(246, '2024-06-06 14:57:45.570148', '105', 'OCROSPOMA UGAZ FRANK ANTHONY', 3, '', 3, 1),
(247, '2024-06-06 14:57:45.570148', '104', 'COBEÑAS CERNA JHORDY YAMMIR', 3, '', 3, 1),
(248, '2024-06-06 14:57:45.577167', '103', 'NIÑO AULA REBECA', 3, '', 3, 1),
(249, '2024-06-06 14:57:45.577167', '102', 'DURAND CALLE MAURICIO BENJAMIN', 3, '', 3, 1),
(250, '2024-06-06 14:57:45.585798', '101', 'VARGAS POLO PAUL', 3, '', 3, 1),
(251, '2024-06-06 14:57:45.585798', '100', 'TEJADA TORRES ERIKA', 3, '', 3, 1),
(252, '2024-06-06 14:57:45.585798', '99', 'MENDOZA CRESPO IVAN', 3, '', 3, 1),
(253, '2024-06-06 14:57:45.593352', '98', 'DIAZ CRUZ ZAID ALONSO', 3, '', 3, 1),
(254, '2024-06-06 14:57:45.593352', '97', 'SAAVEDRA CANESSA KIAN', 3, '', 3, 1),
(255, '2024-06-06 14:57:45.593352', '96', 'RUIZ CORREA JIMMY ALEJANDRO', 3, '', 3, 1),
(256, '2024-06-06 14:57:45.601366', '95', 'REYES RODRIGO KENY JOSUE', 3, '', 3, 1),
(257, '2024-06-06 14:57:45.603886', '94', 'RETAGUI FARRRO DIEGO ALER', 3, '', 3, 1),
(258, '2024-06-06 14:57:45.603886', '93', 'QUIROZ GARCIA CRISTIAN JESUS', 3, '', 3, 1),
(259, '2024-06-06 14:57:45.609897', '92', 'PIZARRO SANTIESTEBAN AVELO JACINTO', 3, '', 3, 1),
(260, '2024-06-06 14:57:45.609897', '91', 'PEREZ MONTENEGRO AXEL GABRIEL', 3, '', 3, 1),
(261, '2024-06-06 14:57:45.609897', '90', 'GUZMAN MOIR CARLOS GUSTAVO', 3, '', 3, 1),
(262, '2024-06-06 14:57:45.617904', '89', 'MORALES SONCO HUMBE NAATI', 3, '', 3, 1),
(263, '2024-06-06 14:57:45.618816', '88', 'GUERRERO PACHECO DIANA', 3, '', 3, 1),
(264, '2024-06-06 14:57:45.618816', '87', 'MARTINEZ HERRERA MAURICIO MANUEL', 3, '', 3, 1),
(265, '2024-06-06 14:57:45.626327', '86', 'GONZALES VASQUEZ OLENKA ALISSON', 3, '', 3, 1),
(266, '2024-06-06 14:57:45.626327', '85', 'GONZALES CAJUSOL ANGGELO', 3, '', 3, 1),
(267, '2024-06-06 14:57:45.626327', '84', 'DELGADO CABREJOS HUGO DAVID', 3, '', 3, 1),
(268, '2024-06-06 14:57:45.634521', '83', 'CORNEJO ANDOMIARIE DAVID MATIAS', 3, '', 3, 1),
(269, '2024-06-06 14:57:45.634521', '82', 'ALVAREZ PADILLA MARTIN ENRIQUE', 3, '', 3, 1),
(270, '2024-06-06 14:57:45.634521', '81', 'GIL FERNANDEZ GEANCARLOS', 3, '', 3, 1),
(271, '2024-06-06 14:57:45.642521', '80', 'COLUNCHE SANCHEZ JOSE NELSON', 3, '', 3, 1),
(272, '2024-06-06 14:57:45.642521', '79', 'SANCHEZ CIEZA CYNTHIA NAYELI', 3, '', 3, 1),
(273, '2024-06-06 14:57:45.642521', '78', 'DELGADO FERNANDEZ CARLOS ALBERTO', 3, '', 3, 1),
(274, '2024-06-06 14:57:45.650520', '77', 'CHANAME YAFAC KEVIN GABRIEL', 3, '', 3, 1),
(275, '2024-06-06 14:57:45.650520', '76', 'CUBA QUISPE YESENIA MARIELA', 3, '', 3, 1),
(276, '2024-06-06 14:57:45.650520', '75', 'BUILES JIMENEZ OSAMA GUSTAVO', 3, '', 3, 1),
(277, '2024-06-06 14:57:45.658522', '74', 'BONILLA POMA LUIS ALONSO', 3, '', 3, 1),
(278, '2024-06-06 14:57:45.658522', '73', 'DELGADO VIDARTE EDGARD ADRIAN', 3, '', 3, 1),
(279, '2024-06-06 14:57:45.658522', '72', 'PADILLA GONZALES MARCO ANTONIO', 3, '', 3, 1),
(280, '2024-06-06 14:57:45.666525', '71', 'OLIVERA TOMAPASCA WILDER JAIR', 3, '', 3, 1),
(281, '2024-06-06 14:57:45.666525', '70', 'FERNANDEZ ALVA EDU', 3, '', 3, 1),
(282, '2024-06-06 14:57:45.674522', '69', 'MORALES SERRATO PEDRO ESTEFAN', 3, '', 3, 1),
(283, '2024-06-06 14:57:45.674522', '68', 'VALDERA SANDOVAL MARY CECY', 3, '', 3, 1),
(284, '2024-06-06 14:57:45.674522', '67', 'SOPLAPUCO TAVARA IVANNA CAROLINA', 3, '', 3, 1),
(285, '2024-06-06 14:57:45.682522', '66', 'TORRES VALDERA DAMBERT WILFREDO', 3, '', 3, 1),
(286, '2024-06-06 14:57:45.682522', '65', 'SOPLAPUCO PURISACA JUNIOR ALEXIS', 3, '', 3, 1),
(287, '2024-06-06 14:57:45.682522', '64', 'SAUCEDO RUIZ JOE BRANDON', 3, '', 3, 1),
(288, '2024-06-06 14:57:45.690521', '63', 'RIVERA AYALA JERRY', 3, '', 3, 1),
(289, '2024-06-06 14:57:45.690521', '62', 'CAJAN POLO JUAN ALBERTO SEGUNDO', 3, '', 3, 1),
(290, '2024-06-06 14:57:45.690521', '61', 'BURGOS MEDIANERO LUIS MAURICIO', 3, '', 3, 1),
(291, '2024-06-06 14:57:45.698533', '60', 'BARDALES RUEDA SEGUNDO JUAN JOSE', 3, '', 3, 1),
(292, '2024-06-06 14:57:45.698533', '59', 'ARIAS MORENO CARLO RENATTO', 3, '', 3, 1),
(293, '2024-06-06 14:57:59.111334', '4', 'C', 3, '', 2, 1),
(294, '2024-06-06 14:57:59.120915', '3', 'B', 3, '', 2, 1),
(295, '2024-06-06 14:57:59.120915', '2', 'A', 3, '', 2, 1),
(296, '2024-06-06 15:08:17.235508', '5', 'A', 1, '[{\"added\": {}}]', 2, 1),
(297, '2024-06-06 15:08:21.109648', '6', 'B', 1, '[{\"added\": {}}]', 2, 1),
(298, '2024-06-06 15:08:24.910613', '7', 'C', 1, '[{\"added\": {}}]', 2, 1),
(299, '2024-06-06 15:08:59.661437', '5', 'Proyecto de Investigación', 1, '[{\"added\": {}}]', 1, 1),
(300, '2024-06-06 15:09:06.577966', '6', 'Seminario de Tesis II', 1, '[{\"added\": {}}]', 1, 1),
(301, '2024-06-06 15:12:13.418985', '69', 'AQUINO TRUJILLO JURY YESENIA', 1, '[{\"added\": {}}]', 4, 1),
(302, '2024-06-06 15:14:40.574816', '3', '2024-I Proyecto de Investigación PARCIAL', 1, '[{\"added\": {}}]', 18, 1),
(303, '2024-06-06 15:25:16.562590', '67', 'jaquino', 3, '', 15, 1),
(304, '2024-06-06 15:31:20.868896', '6', 'Seminario de Tesis II', 3, '', 1, 1),
(305, '2024-06-06 15:31:20.871882', '5', 'Proyecto de Investigación', 3, '', 1, 1),
(306, '2024-06-06 15:31:37.957480', '7', 'C', 3, '', 2, 1),
(307, '2024-06-06 15:31:37.959765', '6', 'B', 3, '', 2, 1),
(308, '2024-06-06 15:31:37.961756', '5', 'A', 3, '', 2, 1),
(309, '2024-06-06 15:45:05.959161', '7', 'Proyecto de Investigación', 1, '[{\"added\": {}}]', 1, 1),
(310, '2024-06-06 15:45:12.417072', '8', 'Seminario de Tesis II', 1, '[{\"added\": {}}]', 1, 1),
(311, '2024-06-06 15:45:28.394685', '7', 'Proyecto de Investigación', 3, '', 1, 1),
(312, '2024-06-06 15:45:39.891810', '8', 'Seminario de Tesis II - EDITAADO', 2, '[{\"changed\": {\"fields\": [\"Nombre\"]}}]', 1, 1),
(313, '2024-06-06 15:45:52.260168', '9', 'Proyecto de Investigación', 1, '[{\"added\": {}}]', 1, 1),
(314, '2024-06-06 15:46:57.792652', '8', 'Seminario de Tesis II', 2, '[{\"changed\": {\"fields\": [\"Nombre\"]}}]', 1, 1),
(315, '2024-06-06 15:56:28.272228', '95', 'AQUINO TRUJILLO JURY YESENIA', 1, '[{\"added\": {}}]', 4, 1),
(316, '2024-06-06 16:05:25.538987', '8', 'A', 1, '[{\"added\": {}}]', 2, 1),
(317, '2024-06-06 16:05:28.021536', '9', 'B', 1, '[{\"added\": {}}]', 2, 1),
(318, '2024-06-06 16:05:30.092028', '10', 'C', 1, '[{\"added\": {}}]', 2, 1),
(319, '2024-06-06 16:13:19.024101', '94', 'AQUINO TRUJILLO JURY YESENIA', 3, '', 4, 1),
(320, '2024-06-06 16:16:33.034284', '4', '2024-I Proyecto de Investigación PARCIAL', 1, '[{\"added\": {}}]', 18, 1),
(321, '2024-06-06 16:17:02.980625', '5', '2024-I Seminario de Tesis II PARCIAL', 1, '[{\"added\": {}}]', 18, 1),
(322, '2024-06-06 16:17:13.562351', '4', '2024-I Proyecto de Investigación PARCIAL', 2, '[{\"changed\": {\"fields\": [\"Compensan horas\"]}}]', 18, 1),
(323, '2024-06-06 16:17:49.452069', '4', '2024-I Proyecto de Investigación PARCIAL', 3, '', 18, 1),
(324, '2024-06-06 16:18:56.693618', '6', '2024-I Proyecto de Investigación PARCIAL', 1, '[{\"added\": {}}]', 18, 1),
(325, '2024-06-06 16:19:38.777165', '7', '2024-I Proyecto de Investigación FINAL', 1, '[{\"added\": {}}]', 18, 1),
(326, '2024-06-06 16:19:54.926676', '5', '2024-I Seminario de Tesis II PARCIAL', 2, '[]', 18, 1),
(327, '2024-06-06 16:20:54.375241', '8', '2024-I Seminario de Tesis II FINAL', 1, '[{\"added\": {}}]', 18, 1),
(328, '2024-06-06 16:38:23.271232', '95', 'AQUINO TRUJILLO JURY YESENIA', 3, '', 4, 1),
(329, '2024-06-06 16:38:28.287701', '96', 'AQUINO TRUJILLO JURY YESENIA', 2, '[{\"changed\": {\"fields\": [\"Email\"]}}]', 4, 1),
(330, '2024-06-12 14:03:46.707411', '8', '2024-I Seminario de Tesis II FINAL', 3, '', 18, 1),
(331, '2024-06-12 14:03:46.710411', '7', '2024-I Proyecto de Investigación FINAL', 3, '', 18, 1),
(332, '2024-06-14 12:03:46.856326', '9', '2024-I Seminario de Tesis II FINAL', 1, '[{\"added\": {}}]', 18, 1),
(333, '2024-06-14 12:04:05.901085', '10', '2024-I Proyecto de Investigación FINAL', 1, '[{\"added\": {}}]', 18, 1),
(334, '2024-06-14 20:39:12.281459', '141', 'CHANAME YAFAC KEVIN GABRIEL', 3, '', 3, 1);

-- --------------------------------------------------------

--
-- Estructura de tabla para la tabla `django_content_type`
--

CREATE TABLE `django_content_type` (
  `id` int(11) NOT NULL,
  `app_label` varchar(100) NOT NULL,
  `model` varchar(100) NOT NULL
) ENGINE=InnoDB DEFAULT CHARSET=utf8mb4 COLLATE=utf8mb4_general_ci;

--
-- Volcado de datos para la tabla `django_content_type`
--

INSERT INTO `django_content_type` (`id`, `app_label`, `model`) VALUES
(12, 'admin', 'logentry'),
(1, 'App', 'curso'),
(6, 'App', 'cursosgrupos'),
(3, 'App', 'estudiante'),
(2, 'App', 'grupo'),
(8, 'App', 'horariosustentaciones'),
(4, 'App', 'profesor'),
(9, 'App', 'profesoressemestreacademico'),
(19, 'App', 'profesores_semestre_academico'),
(20, 'App', 'profile'),
(10, 'App', 'semanasustentacion'),
(18, 'App', 'semana_sustentacion'),
(5, 'App', 'semestreacademico'),
(11, 'App', 'semestreacademicoprofesores'),
(7, 'App', 'sustentacion'),
(14, 'auth', 'group'),
(13, 'auth', 'permission'),
(15, 'auth', 'user'),
(16, 'contenttypes', 'contenttype'),
(17, 'sessions', 'session');

-- --------------------------------------------------------

--
-- Estructura de tabla para la tabla `django_migrations`
--

CREATE TABLE `django_migrations` (
  `id` bigint(20) NOT NULL,
  `app` varchar(255) NOT NULL,
  `name` varchar(255) NOT NULL,
  `applied` datetime(6) NOT NULL
) ENGINE=InnoDB DEFAULT CHARSET=utf8mb4 COLLATE=utf8mb4_general_ci;

--
-- Volcado de datos para la tabla `django_migrations`
--

INSERT INTO `django_migrations` (`id`, `app`, `name`, `applied`) VALUES
(1, 'contenttypes', '0001_initial', '2024-05-28 08:26:28.689939'),
(2, 'auth', '0001_initial', '2024-05-28 08:26:29.114623'),
(3, 'admin', '0001_initial', '2024-05-28 08:26:29.220750'),
(4, 'admin', '0002_logentry_remove_auto_add', '2024-05-28 08:26:29.229785'),
(5, 'admin', '0003_logentry_add_action_flag_choices', '2024-05-28 08:26:29.240330'),
(6, 'contenttypes', '0002_remove_content_type_name', '2024-05-28 08:26:29.320179'),
(7, 'auth', '0002_alter_permission_name_max_length', '2024-05-28 08:26:29.367456'),
(8, 'auth', '0003_alter_user_email_max_length', '2024-05-28 08:26:29.384122'),
(9, 'auth', '0004_alter_user_username_opts', '2024-05-28 08:26:29.392658'),
(10, 'auth', '0005_alter_user_last_login_null', '2024-05-28 08:26:29.428816'),
(11, 'auth', '0006_require_contenttypes_0002', '2024-05-28 08:26:29.432770'),
(12, 'auth', '0007_alter_validators_add_error_messages', '2024-05-28 08:26:29.440857'),
(13, 'auth', '0008_alter_user_username_max_length', '2024-05-28 08:26:29.458927'),
(14, 'auth', '0009_alter_user_last_name_max_length', '2024-05-28 08:26:29.474000'),
(15, 'auth', '0010_alter_group_name_max_length', '2024-05-28 08:26:29.487439'),
(16, 'auth', '0011_update_proxy_permissions', '2024-05-28 08:26:29.502500'),
(17, 'auth', '0012_alter_user_first_name_max_length', '2024-05-28 08:26:29.516040'),
(18, 'sessions', '0001_initial', '2024-05-28 08:26:29.545152'),
(19, 'App', '0001_initial', '2024-05-30 04:03:09.091186'),
(20, 'App', '0002_curso_cursos_grupos_estudiante_grupo_profesor_and_more', '2024-05-30 05:32:51.961122'),
(21, 'App', '0003_curso_cursos_grupos_estudiante_grupo_profesor_and_more', '2024-05-30 05:35:47.201973');

-- --------------------------------------------------------

--
-- Estructura de tabla para la tabla `django_session`
--

CREATE TABLE `django_session` (
  `session_key` varchar(40) NOT NULL,
  `session_data` longtext NOT NULL,
  `expire_date` datetime(6) NOT NULL
) ENGINE=InnoDB DEFAULT CHARSET=utf8mb4 COLLATE=utf8mb4_general_ci;

--
-- Volcado de datos para la tabla `django_session`
--

INSERT INTO `django_session` (`session_key`, `session_data`, `expire_date`) VALUES
('30ywgl88zblcqw3lyu030h0mlim1lpmf', '.eJxVjEEOwiAQRe_C2hDolEFcuvcMhGEGWzUlKe3KeHdD0oVu_3vvv1VM-zbFvckaZ1YXZY06_Y6U8lOWTviRlnvVuS7bOpPuij5o07fK8roe7t_BlNrUa8yBGUdnsjgELGEIdEYHdqRRaHAgaItHTgxDETbk0VofAHyBgqQ-XwLcN-U:1sEImd:fF5-TGEEUTdYVotb-j7vOwCyIi4yppQRJuloiIsYyZM', '2024-06-18 01:16:15.731032'),
('9lrfbbbrnezr4taoikrfz00lds6fglgi', '.eJxVjMsOwiAQRf-FtSEDQ6G6dN9vIAwzSNXQpI-V8d-1SRe6veec-1IxbWuN2yJzHFldlFGn341SfkjbAd9Tu006T22dR9K7og-66GFieV4P9--gpqV-aysQini27DF7KAU7YnJiGAxCAQy-9OceklBwnbNFUjaIRC5bhM6p9wfwDTfo:1sCwGo:UlcHJhousMN0j3HqE4bJuzsY_OUMMbTx7oHalS8lc9U', '2024-06-14 07:01:46.740696'),
('k4er0ph3bbc7v37nypk2orn6wusu2yl6', 'e30:1sCvCv:JovMIFbCL3-Q_fHAco4-XVuLuBz28jdZSCKUEQ5hqJc', '2024-06-14 05:53:41.246867'),
('mmrrpaa35e43r23awn6nqcbavkjm312a', '.eJztXWtv2soW_SujfO6pgKTPb4M9MUPtGZ-xTQ_cexWRQFp621CF5EhXR_3vd21jCCausc2jMalUKcSxDay9vfbaj5n-c3IxvL_7fHE_G99eTEYn70-aJy9Wj10Or_47vqE_jL4Mbz5NX15Nb-5uJ5cv6ZSXyV9nL73paPy1nZybusHn4ewzrm6NG2-ux69HrdHr06vXjevr01eXo8uzcXPUaJ42rhunb15fv333tjEcX745e3XWuh4Pr5qnp5eXZ1et08arM9z02_jLFPeb3g5vJ9OT9__65-Tq_nY2nV18ur3_Pp2dvE8O4N382-n_xld3UzYaM3nz93h2N_k0vJr8-77RuD69wb3iS3Aix-vvt9Pr8Wx6i1-N6IuAtSPj6IB94MblzBKWdCWdNxt_w41ux_RtGq2zP-TJjxcnOHI_mgxv7uhwwJXVEQNmSTHAlVKFHcmZ4n3hStzgy_3tcDRt4kSl2y7dF_fvSWXhPT_iF8k9xt1zI2y9PLuFs13pMysymjkRt7kb-YKFwoiAPtRwlnx0TxjOPK1CoYSDczuRdG1hWDfiSoZ0w7vJ3f1X-tLKxm_X46vPw8VXabz-o_kWBwnci8nN5IoAPmm13jca-Lf4w_Xkho6eJkd_vNiFBdppC_A_I6k0C03UBSIaH9_0GYwiVEEbtLkBRkDURMLmLBBOpGwdw8C6OhApO2wG7cEKtuQDWMvmJhTMk04kXKbhISq21tIOuS60wQTvHpmg-S7TBI0nbYKARxZ8GBaQA2AuWNsQSioFfZ5Tr7i-0ArHlTYSZxrhxC88roD-Kuo97uJTs0D6Eu-Fp0j8hbcUJqgC-hLeNOjNnYK-W-ZpixDcExm2oCBCgClpcUCXwt0Q9QTMlwNugL4byYDZHH6dwn0Q0SceNWE7GfjJaTxyoiBMebvFgzB2kkHkcUJ--bzNH7Xy2DczsW89aYe3ojYPGO4SwItxYXwlvNTIduymZb3-l1DNQZDfrddrV_aIwUPtcZ8HFqcwGvM3l2mvt4Hg0lfpBUxgaRUAWc1kTyslUhYgX3YiI5nDjZXYkrN-wNtp3sm3VHkbHCLi7tYGMQKWiQZM2BFirwb12Ovw577HA-qhNobOE4oICa_iqM1VqJVMeT53YRZEhsQ6RjswujBKBAWUTqvxCPfmmyzcm2-fMO4-t2P96Gg1iPWOR5CsgPWA_gZnXom2UTehcDxUwv7IDXNcRFzIpF05fRb4h9A4OwY_8iOEWTieDeIHukCA20A1rXE2uGn5cLutyM9A_yBiZ9cB18x5n_eBMOsKY_p7dfjq6vJXAb5bd094GTDYBLvNvbYwIQXbdLLa3OzKD9gjKehpitRgrS40kxTMFdJNJbVGd_F8WXhk-IJo4oetEu51VJY9XCYcYBDokMi9T3rlHE4YpgsKMSWLwKd3WwNqRdTk09GKqLc6vI-nhiwTIZrgrMgR87DyNHHfdR2H94QNT0f6BM_k7MM6syOz6pCChN7p8QWG8HX7o1QpzHOxXCKez0PlIa9j4SbQvssRVjXzQd0Bh5pPACO-lcFaFvtTYihZN9stt9cReG0ZDab2OIscsAixywfSkR2t-tWcvkh5c4Xjf16Q2GCA5mMt-TZTyL972gaAkoZn4gIGHodHz7NV44k10ilVNS6W8u7HDLUUlQt5E1Aig1-Y1zeCwA5Ccc7XnoWCGW1OXN4T8vWLtnBUh9t6mVEKGwLFTvKptYSqqLDfnCgt4R8IF9EhFreyJ0WAk4UFxZvYq5IR6hgG8GWh8oGVD8kiEIZjLkrBDzUaF5eRfvG44OBCTT7ImdJ51RYFzFYrq45wmllHOH2yrm9pN6J6_bJsT2VzpoQbVOqWlPD6DaYsDX4tGZ_YA19eG6EoRAIDhpc8DNdS2o0MUVbv79bxa1hRWAS7gDJZxNd2XOeNs9sup8Z52gLllE_uZ3vIuXIeqfImqF_YxcNj9GARSS2kXKGkHrkIonSulevSpTl_t7DXr18Cqg2lAvN24nBLGgaCxlrtalfQOyXFfo4s3WCDV1lht27leyN4CD-V7DwmIVsKR0NvuiLdtcorDaywTY5834XXvz6OWKvkvC5Ml7oWR6BtCystL_P7SiXrOltkVRmI17F27MvgXLrwcQqbbRPhZgECbUzzFcRl0aGEneJex0QqoSVPUAIlFhgsaD6tLIs2Swp3xrdRlm8ec3v9-uJ2RMNmiIGuKx5iK4Drck-qSnxTtDu73VRCBvp1HP57XEXjuAMsuNaiLdoa33cR_zHsNUynkMLGMyCBVhDpHd6F6maKd3lYRclvqPPvQEVmgF6_BGoh4C1hLKpfOrxtJFEIPH6L7LWQw2_Tos0Av5ZplFQsRASE4-OR97QMcL9z6giqtZGEDUPEJaGv7vUZE_Z1VPLLibMeD_6MkMlqV6gPHM4sg_W6ZZkB-81ltp2onCOxgoGcMbTWpMN7-OFLUprz4kK1EsK-s6oM3OuYVS26VQnTkAWocAxB6NJQVJp5yDgAqk9WwiPSn6Ov0olV0XC7Y6evX8B1tU91swgwJ37sii5sYNJlhDLl-hIdk21C7nGsMYlcRZkntCXVL3XgUYkXSRDvrVXri86JFNP2W3WqjgL5BedYUJiii1t0IkevrdopU6n_JbDXj2_i9WsWVV6S_khHriaXe4N-q2nAo1hU0tYqTpfiqbR5uQXuF6wF1w1rz0qW6Cs5_Dn9JGQIkXHz62Q0fIR_GvcniTecXIFYWLxMk0NXzuHJ1JP5AupwwwhHAv3D2GtIWpEzYKAUjR4b7cq1AZzC4OcVxJawF6lLHDX23AXilDwla6nm7s6EMhKJbXklX7AFLj2cNa8gDDic3oqXzeWnUUeC-EPWRNjTksEqUbRoQT5nickTQ3nXWeqyICyM4RDfvrBBwWI-yVresTcQdPX1OkcDuJH46svcSOpA9piJ2kLhIQmBaArzfAIoyeLlSzJHA7rFiW997Sb7eyQlmIUQrBY6yy1eKF-TOR70dVvMeXj5zHc7SPpxF-55ssoszSZJ_xt3HHZoqGMZRx3B1bwCWc3di5V9nzPci3YH2CYKtDuf0UZYQ1yrPidcdGObZ418NPDi1p6RiyJ7VrkxR-WtrH3N_zC_8cZhkLdaJEFgFuDaT6haViSXYgLmGUMOuWiTBvQ1dAt8PF6Ak_h6VhpahmKO0eV3PQdMlxttG-lo9kGoPpH7GuSFnb1oVlqlvHskgPuCyi0rRUH-F1JEx_C2XJt8LzczUzQ_LT-GvWvgg_G3yQ1tYEnIh-PZZMak_DneObGtQL8UKITaZz2QhrFpt5p5egQfl3yN0fewsHKb7cke96u3Wdl9SNAXjO5wl6vlTFhG-2Ifa5oqzyZlAb7F9OkhAbe45-tgrhJ1gNi5HgtLDVqXyv6rr-rI2m11i770QfGOYk3nR8BaMcv0Hy8oKIx2mfGLn9cpy0O9RS_6kFAHwkAAKkoL8YVpvg5hjca-3JXsptTERcl1YhsMedCdVQ8JPCVAmmnQqcOpKWoEgqax01XcMlq84JLU_KLAQbfhOCjci9UtFrUrFpFLzNcFbxE0i07WVeaWHW_AcVCdQpyCr-rwvobr2qLfe7QTcJlexQF23KizFl8uhxEu7TlAG9TS6ndXe2t95sJDLUW2lnmOSCdkAtx0T_L5rrTZLf3fUG8Jtc09mog7dzUh3u1Q0g0eWF8EUI60i5atNi2JPD64k11PF2ESQMKz12X1vrL55we31QFHgzSACvdof57I08nePFn5fJmlLvtczltnyBcDWRZESah9nowhprd2LJXw5MuXJzgKd9ACYbygYhkHDY-gTzx4V9qz9yABK2U6dYY6EJ4vzHzXkc7D0qHFVHm18klhGnkKE4cHRTvqw7_i3V2SCRWVBEHwRGdtdL_Q3sklFic-N7ATL3Qji5qXgig4-X84KsrtEliXLnjXGeg2H5DaXrLHHOqMbaP2QNjV_qOfOqM9gFvHgmC-EelAqHhr5IHO2CKtsBwpmtwcMpv8D93s-_Ridj-7G9_cDXEW_eFcKu6e_Pg__4Mciw:1sNMW4:7MLxkjFnPHgfJJJd8QibMsv50KvRprm4Qny2csH6TKs', '2024-07-13 01:04:36.753682'),
('pcw45anhcoas15mqvab76i6k3g8dtbs7', 'e30:1sDUg5:0ZbjCFLNlJhpPqXk4Gg0quZhJQ2NTtqZdmg-x7yT6TM', '2024-06-15 19:46:09.978185'),
('raqcm1y2pgjrh37cgze4avlugvdlgz79', 'e30:1sDUgw:yrCYx-X_Bly9kvEpD-da8mJYU8fwp_kPSXjBW_UCtZM', '2024-06-15 19:47:02.237768'),
('rqdxe0tecoecw88taf4gptc9fymnnc6t', '.eJztnG1v2koWx7_KiNe9FYT08d3Bnpih4xl37KEXdlcVCaSl24arkKy0uup333NsQ2LiGts8BOhKlZoQbOA3h_95nPm78Xl0f_f18_18cvt5Om68b7QaLx4_djm6-vfkhv4w_ja6-TJ7eTW7ubudXr6kp7xM_zp_6c_Gk--d9LmZG3wdzb_i1WeT5pvryevx2fh1--p18_q6_epyfHk-aY2brXbzutl-8_r67bu3zdHk8s35q_Oz68noqtVuX16eX521m6_O8aY_Jt9meL_Z7eh2Omu8_8ffjav72_ls_vnL7f1fs3njffoAvlpwO_vv5OpuxsYTJm7-M5nfTb-Mrqb_vG82r9s3eK_4EnxiB3_-63Z2PZnPbvFX-GiF0iwytiek1KxnzYANeMiVAHzmfPIDb3U7oc_TPDv_QzR-vmjgI_fj6ejmjh52bAdChncJA04XxlcyH4zocIl3-HZ_OxrPWvRMCKP4NYYW_wyKhdyzysXX1CFfPvOM3hT-1bNGMA-Mk94N2CCE5JajefrmDccXZB1rPB2yD2AkMIc7QsZv_W56d_-dPrFy8bfrydXX0eJTNF_90XyDDxLZz9Ob6RXRbbTevG828d_iD9fTm-TRdvzozxeHiF-7YFhEFzBXgALmcskcMD5XGfhrXuiBfSHTB_K6I_FpgRiCMZpJXH7mQl-468G_PRHwjtFhoH1g1oMhu0CT_cBARV2tBhnyuCxDhmTARJz5wrO4QBqxouU_O_h3ueDfHTT4rjYqloRIKD5kHQMD1BKQ_E8RZsBLrhV-NZQ2QjPPcC_-wQdlHwkTkVfC6WrmaOPqPjBuFA8jQut-EmpbcvMU_lkzDz4-uk34kIVf-AnWo19YXYh2LsKIdwi8GnBaRnCEinQtyx9aeuPjFmcd9CKpUYP1bBjfcMlfioA5Fl_fs-CCtOhwIm54WBd_Owd_K12Uw7R9JRJSdKl0gBne4Q406nnZIpy70Zsl3VXmh6w3gQgvhGQXIPHb0jEWbxai5SNlyLrYIp4P1BP_nK4R_WBIelRo6Vsk-lopvkv-eTZ_dtA23wfpcgMkOqTPkvkDw2ktUIAuoKazfQbbP8u1_bODtn10mD1gPYHRJLpaoUPRZ8Z2MNj8ABEG5dkQszhqr-Fvt8w_z_bbB237nlZDIAYO9GyoZSzi6HI9D9UiA38N00e5lcTVwcAoXSSjPW4Wz99WsPPuaaT5NjfSfHvQ1u_ZIUaLzMe4kVIqiSAoJoH-saHPMfxl6H-Y6I3ok-ZjaI8fvseNycp8IaHqQoNeBd8wC0UgTJpLoMfgJqzF-xiTKkd3eBJaAooNpwyrh4mWi3cB3xcmK_TFdvzAv4jrrqz9Xa7MN7dq7VvOqsAVFM8sxd4nvFRL0EpkpcanL4WvFWa13EOX2LWCgiNcb1BiBb60vTT6x2u4-wkM8yRKGd7jMf7iiKky_yPMai_I3NEsh2igJBOurSfvpWLKjkH3gdmywBXu8TAUnEkuZC1b30sKu13WGMQ7XSTtCD7EK4WKuqggCgZcZoPJIumoXihe_72pDn8fuex24UsdIPqu5SZKUUmOGuGabAWhwEQrGrsDThcG-FJ0J4tihm7CejxRtTrEd5-9bpd4LK6OsUNSFUAFQUN2YcWdlqsbFKzKkvcax1yd-D5y1u0SN1YMSawNx-uMCElfHslHVtkpv3Ri39sXysGX_YS_CPDx-ReGr5QMCo35oUZZ6HXrrMDus9YtS7wOJAQWKWGmhALNRB8UxpOYQWkpVFZryrelCmoBS_hlFrR4CVrNJ0twlPF8uno-p6YgXwDzAX2lI2qmr1Url_Xj-pxV2EtcufVVQMmPI3pjuQsPlXiMOrLl-FZpvHvtWuWvw_G1TSjUCamOw5VOKjkMf4QoqvlNQEeAyoZvAn9QH2KnYKj5vkPsx9g5WSa0fQg_Wgw9teSIC8VYhKHONk8KkD67yR9f3NnRKvaC8XxC0k6VKCU1zb1kJaEvZJzbGXT4cREDX7J0vN9qPU8pZ-uFNCBWgZapzIPsYLqlF9qftfmiiLJqr2oDk3-K_girOGjHiveobOZqhSkWT8LDdFAkm3AV2nP16sK2Df8ofSyGLx5gcPNQTUtbJuk3ILMCayY-HsWclEDzMKD3lhYncU22NgXYOn-ecH-7pk92qTDbUhF627hhJUK8X7oSWfKlm7TrS2bZEnL-ItXBf2z1e8MhQi0R7CJOTV3BPZQhV65UG8qOJpQx-fqTUK1XpyD2gQ0sSi4z2kXFjfEgcbM6kbNN5JuWkPPBH5_Oh2AdjjofF9p6mtMAJrncemWdsqN_9Tu0rdenIPGuJcroUqXkyzIO63DVA1_kGH2-MVfPpDaqKOegP0KtiaiYTDlsMobmgk_xDFUWszXi8l2rUkGN7i078dV8ag7042tVdTlCN3SNcSiq9KBjBKk3xivVrb3s4M0G_ap87Ec4bYmXcQ9NL9SRXgx30-aGKNufrdY7eaYFOL72laOlpQ45WzTK44E_xeVqvay0hy1VPdgsgz2JvQ2L_NVBpeFIHQM8DOMXLaZHqSuXyDF2B6IveIiRIHfQR6TqkzX74kXaJf5jGwzpWIlqsBw11qFPVZmcacvyoeXahdod_-NzuAvzX2RL3EWtdtOkKis9GcqPMa4nnk_ygv6nD0sfctL6Ph2PniDNojxIhB0eoWhbs9RuCv8YRtqgtClHcN3mnZPmFwL0uUtBH6AUhMA-rObzv-RWZ-riRKihHBo9XERW8cgLTbz0eGjDkvAqF5NOBB2Nexr8ni4GcJNWAePKiI-Wl4MnaIdAkn8MMbDFLztNeRXvUjkRfFomQ_oRJmUBhA5QChCXxFYn3H5Jr87w8YnQ87WJe-MY2GOy0wWKfJiCHkQV0FUpuj8bt91vCASaG-DOoBy56rXEk0G3NDpuDGB-H6C_1WhF8U7KcvQqF6ZOBp4BX5C7oFEV8hqC5upy2ssF6KruZzwZdh7toF52hj2OEXLcHS4JrnqH92TIYT7sUmgRaBNphGbI6tLWeqVI5Zggbrmo1gUF6F0HcAEO-8D7Qi0KyiU9Rp36wInASy432jXC0whPDSgZLWt0v3FiFnByFo86xvAn-krPQKe03R1RZrb9vdc8kboA8Kvn6OR0q9NTuq2355e7LwJrRAiYlaWNlJwTkk4hRN76KFVyrNSiAbnsta-cG3XYuVk4-TG9oUMDCV80mU_nTIhfQyvYW1ZiVyE6w0gHrM8lGJdmcpKJV_QSArL2tovhs9rTf_jv7AnkTc6p2Cf0RVTogYRlMJM75F2pT1vuDLqa8375wDeYxdkncAf8QIfJWSA6xPh7td9Xaay1zKpsPOyXy3uTzuxeedvYAwUWWSvmmMHT87ZK066gJgXbUOqgrt2F3SfqkBtMIhV5OPzAtDkHsxsqdUiZDbh2tVNwzUKuAd8-WhunSEMzjXLqAe1bMBydpnGzgzZV5g3KyfeaczHX4N7u_PA-cQ-1MbHkJk3tIZo8DTYNdU6zrPyZTiVHPOr2xou5H4W-pAOUHe5Q1XkRMfDk_NANgpWyM6z1NT2H-QaTHXuND0nL8aN6MNBoay4f9B8Vmx-IF7cva7nQQ5kC2asLXbSiuKSdxtQApVNypfazdbLyh7OWmRH-HUmnYoLcdF9AcqxKbh38_6g3Re2CT5MkF1IT8V6Xat6oA6uTqBUngUv6y6XTUKRF9PrxbtrlmWinhzs98nDhJhEkWvZqOrOrKsrvh9vpokajaCAV8Glgz_o6HbTOq6NUOXlvHcxDKlTvE_li3srBoCTSAaQ7tLP7NSpF38XhyxbOBTpm3Mlxb0s_aMBifOKjdWUtewchYK0M85hRh9wPuEl2AXcfNsAvzh9r1CpblZaRQ5hB3CttO0D7indbp2fWqtQJok5087Zdr9sgVmGvwO8GO7VCaR3qxnKS4HTOs2a4XYH1b9VH68CQou2leiSoc9qOOxDs_e07-NfP_wEAa2k2:1sI8kw:RMHhm2yg8a1KOjfuwM7Unvnus-n95QTFIM28rs1n6IE', '2024-06-28 15:22:22.357602'),
('sqgvhzwajn1y9lwsgaaerge9c97f7ns4', '.eJzlnWFz2kgShv_KFJ-zKbCdOMm3ljQWg8WMMiORhbsrFzY4IZeYlLGv6mor__26JYER6IQkBEHZqtQaY0mgZ1rdb_f0zP7Vuhk_P325eV5MH29mk9aHVqf1av292_Hdv6cP9IfJ1_HD5_nru_nD0-Ps9jUd8jr56-J1fz6ZfrOSY1MX-DJefMGzz6bty_vp28nZ5O353dv2_f35m9vJ7cW0M2l3ztv37fPLt_fv3r9rj6e3lxdvLs7up-O7zvn57e3F3dl5-80FXvT79Oscrzd_HD_O5q0P__irdff8uJgvbj4_Pv-YL1ofkjfw0_zH-X-nd09zNpky8fCf6eJp9nl8N_vnc7t9f_6A14pOwQMBX_94nN9PF_NH_FXzITfMCrWrDLsG7QGzuS08Qcctpt_xQo9Tupv22cUfovXzVQvfeZ7Mxg9P9LYf-qHd5UwrBwwD6XKPgaMFSDz96_PjeDLv4GGjkL7IpMOZJYyvmBcKPDp0QxOo1YFneKANJhCep9go7IMGyQx3Q-ko1lOG45HjRfK9-1wD6ysZcMldrVg3FJ7DNeuFIEV00afZ0_M3umPp4G_307sv4-V9tN_80b7EN4nszexhdkd0W513H9pt_Lf8w_3sIX73PHr356vTw2_xAKQdambwR5ePGHj8TyaFDVLp1Ag4ODAruPQCmdlKmpDj72KgpOSpgXAEjNhAOKADzvrCxeOYwq-HY7E-DLvGa8cgvNsahLN21iDgu3UOgpUeBPgYCqlYoMNedC-9UA8ZjguXBYcB6WjNkagPOAq2YkhPQor_ADz8FGaELwgTjROy5NqkqHvCZzicirkhOOCFPmcB19zAOvNcmzlN4DU7HXBwnIC5So4QpGFoeggdZKCkUCnsu-xzDT1XEmHjcyMQv-Zu9KIPEi1_nX7-g1EF_3kG_k4yKCeJHy1ytO574U9k4GqwRIRqzenksirPPu_xKE--k2n4nZP2NMrWCgNoH1joItsrNOlrMvyuksMU-t3xcc3XF4oNL_5HWfTQ-WIEWiex3AEc5oqjkGX_Z7Xaf92j4AtzJTx2BeSFLB3ixQy3iOCG7sFI3CWW2lEDYFxLjoIHiTmfhGxVCLf1oj_LfADOTvoBkCJWknSqZwPT3OJ2OtSSn3dDLZiLYUEARQf879CAteaefiH0LHs_P2F_bwAG3EF3gqqSGwPsetPMwaMALJfAtXLR0yTWniKe-01e3HzYSyI1fih3PoFmrochAX3abuTvt3X9ZaauvzxpO19pmwGYjyHGW-VxeQ0oHIUxqqKXsTQM8LuAQLXUw6EUnHlceLWpywz2x8ip6mbfVVpGbiMQEskjtWEi2YVJgc_h-QJ9x-gcDnyGn-m8P2E_ozwxINUSoLzxwaBz_5RoFhC6PPd8L1KPns_g_j7T4N-fcDoVEbB1OEJKIaCZoqk7m8iL5a87Qu8K-o6AUYV6VlRtn7C1O2iW0sGY6nlod4DQbMx5LC570BeHVZF1029gCSE-XStHC1exay6HVBEIeRWbz6d5KFXTwMJBoLSOFA15dUAN3be4DsjLX2nupAs3kkS3HZV5BkLaeBoehh_Ux2FIH31WKNtdU_M9MPi1oxAfPyJR2brSGByjhFDvGHjKR0nTDRF84p49jnaJ8j6FP4dSWTVvg92FIX4WBetQCoVPR-jyuFJXBXnz6gUGQhtNlulQjNDPcJKU6JPTXr5osayonszzXuWxN7FWsHQ0hhjiL2TvQzLRdKmsmJosUpmvG_nhKwV1I9coXqg6jI_8AH_4gmZF4kwq7V_yXMcL9SRioCqiegu-Ioe-VuivoUbTaW-RP0rBoOYajfI98EO04AAGqMKZGICUVLLRmFZtzEUVLpDlUV2hLxKpyw9B8-ZiHe65gE5-6cK5g3idZDY8bf15zqRseB1xD68RiSoxENyg-OE2PjdJCKkCv4F6fjn_bQs-wjOFDLpo0hKG3BMp9LtxlfT5-zYiZPNvmrTHuKHVaOlQbC2iuRAKp6Gp5nt2hKIa5gSzyDdxTnBb5gw1J3dsAn4FG_OCFJjRmQ8pQsvrSJfrVLNCmfnYWqNuI5W9rSweT0it0qVeF6U5XgX6_Y0aWm4mVLpwuUe9uNPZDrjNq1vaygvJ66-an6ing0nubc6PFBSbhRMr4UUfp1FjRb0nHj4tRVPabPRNK14iJMl71HKDWSyg4o8f-yylXybgFpGSBxuGBqqebtR2Rudom6SnC5YWVDZAGqlB2MGqfAF_j6JONvqmCZ6l2rcROT4JBnWfq1bBr0LtvliBoW6bb14B0wo9SYUADIc0OatMn-JjaDDvTVeQ88Poestxjikfknzz1A5C8LiL929UQM5_SA1i1IMWpJOscsX7QpZfs8M5Rjmz5q7LRGQboo3K3ooKYdEI9IAS3rT1l-r_o8ozNz4Zx0axv4406-J3CLWaQ4CuRLCraBQcgUkRA8fj6UCblxEdDfib3wH4qv1mKXJWc-SrPLQs9kKOJmdsqmA_vK6pvcXYwUgZ0AnxMgYWtwdrjLdVsqoitr5HHSEDehNrOFqoHqxEjVBGDJgOLRyDawhQg1cif6y27uxBOLy8qdnD0-SsTRNOSQGzK9bn8KqMQOEa5h6tIZ23v6aWU_cTkMDsc3I6fGmAS6efor_js45aScukf_hyTt30l-nsFZUw0dxH5PE9xAEe9eik-ee49KO2vWbAb-TyQR33vcIQ8OZ7KHeG1cy9XPmscq_C74LdpSU8K3t3OcjY5vdIZfOgHs7im1Y76ysdLW0wSmI23wWSPUxCD4INUV-gB23HyvIaZH0G8iYqzBV09C-AntjnDgZZHs8Rpv1N4Snagp2vlVsus9k3r2720p3jI1cDNixrWBmLSgpXjIuafr2evnmVsxcfDx4RdcIU74KzskVnRnK6CavAbl4LIHFB4a40lypWkQxfQrAhIsvMCxZlv09k3d4PpJGixgLtRH5ehxzxrrY7oL7J1J4HJfrQinQB1o6-eYUzNxz1kTJavlhmT1nzUgX9zTHyp-3lyQ1sA7GUjOR5tCtCHAM9JU3FksExZgMzsTevZmCHFt48XsWg38ATozMj32xtlOeLNj4dePebDPCN9PGrteE29EKjvLjxCUMkaurqQbaY5deOv2nJK2lIWuGw3IQonqdiXGrxcWP9YArvOkRBcSJORkeYNwk7WnWbX2y_op90o3SD08632WS8hTON8STxkXuQLAAZoAVH0VIYvF6i0VUxfqWT-V8Gr3afC1TR9pWXSLqkPLvUeeXrJweU1r8N9D5HtCNSGIgan9Voq7dE4WU994UWlOWMzilBN9PvswfafpKoB9PFbMGE-P_eIefWC6xNRRUVKJ8NMGpphzaVjI0bwxumlK1KNaoyK4Orhjb8d7Yt6fZYwXRM6EvjdsEDueogzZDQ5SrhxRYvVazKZgPfI3U5JnAb-r4ycZqoDLqRTTFWasPUUnM-VXuKMnnvI52PyjuMyp9-iKwls_Vwe5u2wrRLeJOchTZVUFeWycdEbbjGWCipQwtvmLaqwrSYFgR7a8Gv3I4m5XpYdgzkDvDnjbXx1dIv7lHxlTZMok5RT_XTyqT4dqhF2rb2W3pKOWFjgScL0xGfGgiIN07K1IJNIN4I30LNoIoppOQCrTvSHBFqp_rq3oJ7EeYvhSyPe4-5419g4F5oU7LDyTEn27FVNO_dQ1ODKqy3EfEX8La4TfPzy9vmcaP_Hjq86DRCdbmSwXyPOeJjMnegTy2eV54i9L0u1fBR4W1tr1kKeNGez11bm-ygXm8j0DGpj_DGI5jxzhgj1Iu0hGikMnYLKKwTi1LfO4DW2w101ESfRDk-2C4MFd63w4eDrVUSxDy_OF0pF6pKvcnFrKSpc-nQ0W2gQtzMKQ9VyqrmXJqM2-5iyoPiG6lAn_YDCPsq2Qsgq5hVZnlc8U2o_l7l2uVMmI0OJVA-JHsApOcYSnnxfNdTw45TTcYd79y4EtwaQtSHfbSutGUfwH1XyoGajNrwvs91vN6z-7IiYrkoqFWpdljYjZzC7PBRaYdDtK9oXW2ylY5MgiD6ie5Gwllo7UmJXPPvBtuCEaU8K6OOM_uMJbUH8CPV_mdhVWj_iy72Y36zeF48TR-exngU_cGPFJbX-vk_02TYIQ:1sZRa7:k4peyr_DY_QLTG2NYu8WwY87q90yJlE10u_69onDjjQ', '2024-08-15 08:54:43.902358'),
('tl272e5nitbujzk5qgbixcw1uot0niad', '.eJxVjMsOwiAQRf-FtSEDQ6G6dN9vIAwzSNXQpI-V8d-1SRe6veec-1IxbWuN2yJzHFldlFGn341SfkjbAd9Tu006T22dR9K7og-66GFieV4P9--gpqV-aysQini27DF7KAU7YnJiGAxCAQy-9OceklBwnbNFUjaIRC5bhM6p9wfwDTfo:1sBsBk:YYv8KI7ucy8EsPgTyMedri9XpevV9OL5QCzL6INaxfA', '2024-06-11 08:28:08.360002');

--
-- Índices para tablas volcadas
--

--
-- Indices de la tabla `app_curso`
--
ALTER TABLE `app_curso`
  ADD PRIMARY KEY (`id`);

--
-- Indices de la tabla `app_cursos_grupos`
--
ALTER TABLE `app_cursos_grupos`
  ADD PRIMARY KEY (`id`),
  ADD KEY `FKcursos_gru897692` (`semestre_id`),
  ADD KEY `FKcursos_gru420796` (`profesor_id`),
  ADD KEY `FKcursos_gru119177` (`curso_id`),
  ADD KEY `FKcursos_gru94794` (`grupo_id`);

--
-- Indices de la tabla `app_estudiante`
--
ALTER TABLE `app_estudiante`
  ADD PRIMARY KEY (`id`),
  ADD UNIQUE KEY `codigo_universitario` (`codigo_universitario`);

--
-- Indices de la tabla `app_grupo`
--
ALTER TABLE `app_grupo`
  ADD PRIMARY KEY (`id`);

--
-- Indices de la tabla `app_horario_sustentaciones`
--
ALTER TABLE `app_horario_sustentaciones`
  ADD PRIMARY KEY (`id`),
  ADD KEY `FKhorario_su981527` (`sustentacion_id`);

--
-- Indices de la tabla `app_profesor`
--
ALTER TABLE `app_profesor`
  ADD PRIMARY KEY (`id`),
  ADD UNIQUE KEY `email` (`email`),
  ADD KEY `user_id` (`user_id`);

--
-- Indices de la tabla `app_profesores_semestre_academico`
--
ALTER TABLE `app_profesores_semestre_academico`
  ADD PRIMARY KEY (`id`),
  ADD KEY `FKprofesores748958` (`profesor_id`),
  ADD KEY `FKprofesores67448` (`semestre_id`);

--
-- Indices de la tabla `app_profile`
--
ALTER TABLE `app_profile`
  ADD PRIMARY KEY (`id`),
  ADD UNIQUE KEY `user_id` (`user_id`);

--
-- Indices de la tabla `app_semana_sustentacion`
--
ALTER TABLE `app_semana_sustentacion`
  ADD PRIMARY KEY (`id`),
  ADD KEY `FKsemana_sus777011` (`semestre_academico_id`),
  ADD KEY `FKsemana_sus164933` (`curso_id`);

--
-- Indices de la tabla `app_semestreacademico`
--
ALTER TABLE `app_semestreacademico`
  ADD PRIMARY KEY (`id`);

--
-- Indices de la tabla `app_semestre_academico_profesores`
--
ALTER TABLE `app_semestre_academico_profesores`
  ADD PRIMARY KEY (`id`),
  ADD KEY `FKsemestre_981314` (`semestre_id`),
  ADD KEY `FKsemestre_368974` (`profesor_id`);

--
-- Indices de la tabla `app_sustentacion`
--
ALTER TABLE `app_sustentacion`
  ADD PRIMARY KEY (`id`),
  ADD KEY `FKsustentaci593842` (`cursos_grupos_id`),
  ADD KEY `FKsustentaci744459` (`estudiante_id`),
  ADD KEY `FKsustentaci542190` (`asesor_id`),
  ADD KEY `FKsustentaci486616` (`jurado2_id`),
  ADD KEY `FKsustentaci486617` (`jurado1_id`);

--
-- Indices de la tabla `auth_group`
--
ALTER TABLE `auth_group`
  ADD PRIMARY KEY (`id`),
  ADD UNIQUE KEY `name` (`name`);

--
-- Indices de la tabla `auth_group_permissions`
--
ALTER TABLE `auth_group_permissions`
  ADD PRIMARY KEY (`id`),
  ADD UNIQUE KEY `auth_group_permissions_group_id_permission_id_0cd325b0_uniq` (`group_id`,`permission_id`),
  ADD KEY `auth_group_permissio_permission_id_84c5c92e_fk_auth_perm` (`permission_id`);

--
-- Indices de la tabla `auth_permission`
--
ALTER TABLE `auth_permission`
  ADD PRIMARY KEY (`id`),
  ADD UNIQUE KEY `auth_permission_content_type_id_codename_01ab375a_uniq` (`content_type_id`,`codename`);

--
-- Indices de la tabla `auth_user`
--
ALTER TABLE `auth_user`
  ADD PRIMARY KEY (`id`),
  ADD UNIQUE KEY `username` (`username`);

--
-- Indices de la tabla `auth_user_groups`
--
ALTER TABLE `auth_user_groups`
  ADD PRIMARY KEY (`id`),
  ADD UNIQUE KEY `auth_user_groups_user_id_group_id_94350c0c_uniq` (`user_id`,`group_id`),
  ADD KEY `auth_user_groups_group_id_97559544_fk_auth_group_id` (`group_id`);

--
-- Indices de la tabla `auth_user_user_permissions`
--
ALTER TABLE `auth_user_user_permissions`
  ADD PRIMARY KEY (`id`),
  ADD UNIQUE KEY `auth_user_user_permissions_user_id_permission_id_14a6b632_uniq` (`user_id`,`permission_id`),
  ADD KEY `auth_user_user_permi_permission_id_1fbb5f2c_fk_auth_perm` (`permission_id`);

--
-- Indices de la tabla `django_admin_log`
--
ALTER TABLE `django_admin_log`
  ADD PRIMARY KEY (`id`),
  ADD KEY `django_admin_log_content_type_id_c4bce8eb_fk_django_co` (`content_type_id`),
  ADD KEY `django_admin_log_user_id_c564eba6_fk_auth_user_id` (`user_id`);

--
-- Indices de la tabla `django_content_type`
--
ALTER TABLE `django_content_type`
  ADD PRIMARY KEY (`id`),
  ADD UNIQUE KEY `django_content_type_app_label_model_76bd3d3b_uniq` (`app_label`,`model`);

--
-- Indices de la tabla `django_migrations`
--
ALTER TABLE `django_migrations`
  ADD PRIMARY KEY (`id`);

--
-- Indices de la tabla `django_session`
--
ALTER TABLE `django_session`
  ADD PRIMARY KEY (`session_key`),
  ADD KEY `django_session_expire_date_a5c62663` (`expire_date`);

--
-- AUTO_INCREMENT de las tablas volcadas
--

--
-- AUTO_INCREMENT de la tabla `app_curso`
--
ALTER TABLE `app_curso`
  MODIFY `id` int(11) NOT NULL AUTO_INCREMENT, AUTO_INCREMENT=10;

--
-- AUTO_INCREMENT de la tabla `app_cursos_grupos`
--
ALTER TABLE `app_cursos_grupos`
  MODIFY `id` int(11) NOT NULL AUTO_INCREMENT, AUTO_INCREMENT=25;

--
-- AUTO_INCREMENT de la tabla `app_estudiante`
--
ALTER TABLE `app_estudiante`
  MODIFY `id` int(11) NOT NULL AUTO_INCREMENT, AUTO_INCREMENT=215;

--
-- AUTO_INCREMENT de la tabla `app_grupo`
--
ALTER TABLE `app_grupo`
  MODIFY `id` int(11) NOT NULL AUTO_INCREMENT, AUTO_INCREMENT=11;

--
-- AUTO_INCREMENT de la tabla `app_horario_sustentaciones`
--
ALTER TABLE `app_horario_sustentaciones`
  MODIFY `id` int(11) NOT NULL AUTO_INCREMENT, AUTO_INCREMENT=153;

--
-- AUTO_INCREMENT de la tabla `app_profesor`
--
ALTER TABLE `app_profesor`
  MODIFY `id` int(11) NOT NULL AUTO_INCREMENT, AUTO_INCREMENT=97;

--
-- AUTO_INCREMENT de la tabla `app_profesores_semestre_academico`
--
ALTER TABLE `app_profesores_semestre_academico`
  MODIFY `id` int(11) NOT NULL AUTO_INCREMENT, AUTO_INCREMENT=2307;

--
-- AUTO_INCREMENT de la tabla `app_profile`
--
ALTER TABLE `app_profile`
  MODIFY `id` bigint(20) NOT NULL AUTO_INCREMENT, AUTO_INCREMENT=104;

--
-- AUTO_INCREMENT de la tabla `app_semana_sustentacion`
--
ALTER TABLE `app_semana_sustentacion`
  MODIFY `id` int(11) NOT NULL AUTO_INCREMENT, AUTO_INCREMENT=11;

--
-- AUTO_INCREMENT de la tabla `app_semestreacademico`
--
ALTER TABLE `app_semestreacademico`
  MODIFY `id` int(11) NOT NULL AUTO_INCREMENT, AUTO_INCREMENT=8;

--
-- AUTO_INCREMENT de la tabla `app_semestre_academico_profesores`
--
ALTER TABLE `app_semestre_academico_profesores`
  MODIFY `id` int(11) NOT NULL AUTO_INCREMENT, AUTO_INCREMENT=91;

--
-- AUTO_INCREMENT de la tabla `app_sustentacion`
--
ALTER TABLE `app_sustentacion`
  MODIFY `id` int(11) NOT NULL AUTO_INCREMENT, AUTO_INCREMENT=1115;

--
-- AUTO_INCREMENT de la tabla `auth_group`
--
ALTER TABLE `auth_group`
  MODIFY `id` int(11) NOT NULL AUTO_INCREMENT;

--
-- AUTO_INCREMENT de la tabla `auth_group_permissions`
--
ALTER TABLE `auth_group_permissions`
  MODIFY `id` bigint(20) NOT NULL AUTO_INCREMENT;

--
-- AUTO_INCREMENT de la tabla `auth_permission`
--
ALTER TABLE `auth_permission`
  MODIFY `id` int(11) NOT NULL AUTO_INCREMENT, AUTO_INCREMENT=73;

--
-- AUTO_INCREMENT de la tabla `auth_user`
--
ALTER TABLE `auth_user`
  MODIFY `id` int(11) NOT NULL AUTO_INCREMENT, AUTO_INCREMENT=95;

--
-- AUTO_INCREMENT de la tabla `auth_user_groups`
--
ALTER TABLE `auth_user_groups`
  MODIFY `id` bigint(20) NOT NULL AUTO_INCREMENT;

--
-- AUTO_INCREMENT de la tabla `auth_user_user_permissions`
--
ALTER TABLE `auth_user_user_permissions`
  MODIFY `id` bigint(20) NOT NULL AUTO_INCREMENT;

--
-- AUTO_INCREMENT de la tabla `django_admin_log`
--
ALTER TABLE `django_admin_log`
  MODIFY `id` int(11) NOT NULL AUTO_INCREMENT, AUTO_INCREMENT=335;

--
-- AUTO_INCREMENT de la tabla `django_content_type`
--
ALTER TABLE `django_content_type`
  MODIFY `id` int(11) NOT NULL AUTO_INCREMENT, AUTO_INCREMENT=21;

--
-- AUTO_INCREMENT de la tabla `django_migrations`
--
ALTER TABLE `django_migrations`
  MODIFY `id` bigint(20) NOT NULL AUTO_INCREMENT, AUTO_INCREMENT=22;

--
-- Restricciones para tablas volcadas
--

--
-- Filtros para la tabla `app_cursos_grupos`
--
ALTER TABLE `app_cursos_grupos`
  ADD CONSTRAINT `FKcursos_gru119177` FOREIGN KEY (`curso_id`) REFERENCES `app_curso` (`id`),
  ADD CONSTRAINT `FKcursos_gru420796` FOREIGN KEY (`profesor_id`) REFERENCES `app_profesor` (`id`),
  ADD CONSTRAINT `FKcursos_gru897692` FOREIGN KEY (`semestre_id`) REFERENCES `app_semestreacademico` (`id`),
  ADD CONSTRAINT `FKcursos_gru94794` FOREIGN KEY (`grupo_id`) REFERENCES `app_grupo` (`id`);

--
-- Filtros para la tabla `app_horario_sustentaciones`
--
ALTER TABLE `app_horario_sustentaciones`
  ADD CONSTRAINT `FKhorario_su981527` FOREIGN KEY (`sustentacion_id`) REFERENCES `app_sustentacion` (`id`);

--
-- Filtros para la tabla `app_profesor`
--
ALTER TABLE `app_profesor`
  ADD CONSTRAINT `fk_user_id` FOREIGN KEY (`user_id`) REFERENCES `auth_user` (`id`);

--
-- Filtros para la tabla `app_profesores_semestre_academico`
--
ALTER TABLE `app_profesores_semestre_academico`
  ADD CONSTRAINT `FKprofesores67448` FOREIGN KEY (`semestre_id`) REFERENCES `app_semestreacademico` (`id`),
  ADD CONSTRAINT `FKprofesores748958` FOREIGN KEY (`profesor_id`) REFERENCES `app_profesor` (`id`);

--
-- Filtros para la tabla `app_profile`
--
ALTER TABLE `app_profile`
  ADD CONSTRAINT `App_profile_user_id_b93ddc45_fk_auth_user_id` FOREIGN KEY (`user_id`) REFERENCES `auth_user` (`id`);

--
-- Filtros para la tabla `app_semana_sustentacion`
--
ALTER TABLE `app_semana_sustentacion`
  ADD CONSTRAINT `FKsemana_sus164933` FOREIGN KEY (`curso_id`) REFERENCES `app_curso` (`id`),
  ADD CONSTRAINT `FKsemana_sus777011` FOREIGN KEY (`semestre_academico_id`) REFERENCES `app_semestreacademico` (`id`);

--
-- Filtros para la tabla `app_semestre_academico_profesores`
--
ALTER TABLE `app_semestre_academico_profesores`
  ADD CONSTRAINT `FKsemestre_368974` FOREIGN KEY (`profesor_id`) REFERENCES `app_profesor` (`id`),
  ADD CONSTRAINT `FKsemestre_981314` FOREIGN KEY (`semestre_id`) REFERENCES `app_semestreacademico` (`id`);

--
-- Filtros para la tabla `app_sustentacion`
--
ALTER TABLE `app_sustentacion`
  ADD CONSTRAINT `FKsustentaci486616` FOREIGN KEY (`jurado2_id`) REFERENCES `app_profesor` (`id`),
  ADD CONSTRAINT `FKsustentaci486617` FOREIGN KEY (`jurado1_id`) REFERENCES `app_profesor` (`id`),
  ADD CONSTRAINT `FKsustentaci542190` FOREIGN KEY (`asesor_id`) REFERENCES `app_profesor` (`id`),
  ADD CONSTRAINT `FKsustentaci593842` FOREIGN KEY (`cursos_grupos_id`) REFERENCES `app_cursos_grupos` (`id`),
  ADD CONSTRAINT `FKsustentaci744459` FOREIGN KEY (`estudiante_id`) REFERENCES `app_estudiante` (`id`);

--
-- Filtros para la tabla `auth_group_permissions`
--
ALTER TABLE `auth_group_permissions`
  ADD CONSTRAINT `auth_group_permissio_permission_id_84c5c92e_fk_auth_perm` FOREIGN KEY (`permission_id`) REFERENCES `auth_permission` (`id`),
  ADD CONSTRAINT `auth_group_permissions_group_id_b120cbf9_fk_auth_group_id` FOREIGN KEY (`group_id`) REFERENCES `auth_group` (`id`);

--
-- Filtros para la tabla `auth_permission`
--
ALTER TABLE `auth_permission`
  ADD CONSTRAINT `auth_permission_content_type_id_2f476e4b_fk_django_co` FOREIGN KEY (`content_type_id`) REFERENCES `django_content_type` (`id`);

--
-- Filtros para la tabla `auth_user_groups`
--
ALTER TABLE `auth_user_groups`
  ADD CONSTRAINT `auth_user_groups_group_id_97559544_fk_auth_group_id` FOREIGN KEY (`group_id`) REFERENCES `auth_group` (`id`),
  ADD CONSTRAINT `auth_user_groups_user_id_6a12ed8b_fk_auth_user_id` FOREIGN KEY (`user_id`) REFERENCES `auth_user` (`id`);

--
-- Filtros para la tabla `auth_user_user_permissions`
--
ALTER TABLE `auth_user_user_permissions`
  ADD CONSTRAINT `auth_user_user_permi_permission_id_1fbb5f2c_fk_auth_perm` FOREIGN KEY (`permission_id`) REFERENCES `auth_permission` (`id`),
  ADD CONSTRAINT `auth_user_user_permissions_user_id_a95ead1b_fk_auth_user_id` FOREIGN KEY (`user_id`) REFERENCES `auth_user` (`id`);

--
-- Filtros para la tabla `django_admin_log`
--
ALTER TABLE `django_admin_log`
  ADD CONSTRAINT `django_admin_log_content_type_id_c4bce8eb_fk_django_co` FOREIGN KEY (`content_type_id`) REFERENCES `django_content_type` (`id`),
  ADD CONSTRAINT `django_admin_log_user_id_c564eba6_fk_auth_user_id` FOREIGN KEY (`user_id`) REFERENCES `auth_user` (`id`);
COMMIT;

/*!40101 SET CHARACTER_SET_CLIENT=@OLD_CHARACTER_SET_CLIENT */;
/*!40101 SET CHARACTER_SET_RESULTS=@OLD_CHARACTER_SET_RESULTS */;
/*!40101 SET COLLATION_CONNECTION=@OLD_COLLATION_CONNECTION */;
